filename,label
aabqcugcpc.mp4,0.0090179443359375
aamvplpjbw.mp4,0.9921875
aaszqdbdtk.mp4,0.984375
abbniyapop.mp4,0.99072265625
abhssqzhxu.mp4,0.314697265625
abqqjjoabz.mp4,0.99169921875
abrzoxzceh.mp4,0.99072265625
acbkbblbaj.mp4,0.01024627685546875
accnrseufh.mp4,0.12127685546875
acerazhyvo.mp4,0.99072265625
acgwaylwzk.mp4,0.318115234375
aciymzujzb.mp4,0.99267578125
acmclypsqv.mp4,0.98583984375
acwyzobqer.mp4,0.98876953125
addewzbsic.mp4,0.8076171875
aebkhtsigw.mp4,0.009857177734375
aefjjvlmfe.mp4,0.99169921875
aeoxlkxmyj.mp4,0.01042938232421875
aezyquwuci.mp4,0.99365234375
afbxszoeml.mp4,0.98876953125
afemctlakq.mp4,0.98828125
agbpetxkrk.mp4,0.99169921875
aggbmxhrgs.mp4,0.00911712646484375
agvggvwpgw.mp4,0.9833984375
agyrefuzye.mp4,0.990234375
ahepenxrrd.mp4,0.990234375
ahfqnhrmbd.mp4,0.9912109375
ahqwgdsqjn.mp4,0.0092010498046875
aiaxrvlchq.mp4,0.9892578125
aijegkeygj.mp4,0.9873046875
aimsrnwtvo.mp4,0.95751953125
airnsbszvn.mp4,0.9814453125
ajkrquvpzn.mp4,0.99072265625
ajnzuiktuo.mp4,0.9921875
ajuczobjuj.mp4,0.982421875
akbkrvrvbs.mp4,0.98779296875
akcjgnmrfr.mp4,0.99267578125
akfostnsgl.mp4,0.9716796875
aksipjcmaq.mp4,0.984375
akupygwxyv.mp4,0.99267578125
akvcvafqwk.mp4,0.57470703125
alqqvruble.mp4,0.98583984375
alzrreiirg.mp4,0.9873046875
anbkhkungt.mp4,0.98828125
ankyspxepw.mp4,0.98974609375
anrerutgdg.mp4,0.93115234375
aopvrfrydo.mp4,0.99365234375
aprtfacuwr.mp4,0.99072265625
apycffuwrg.mp4,0.9912109375
aqjjfkydvf.mp4,0.91259765625
aqoaolvbwr.mp4,0.01078033447265625
aqozyybzlr.mp4,0.0199737548828125
aqqkokuaar.mp4,0.99267578125
aqvaysmpzk.mp4,0.015289306640625
arawwqrgxr.mp4,0.9921875
arnynohkiq.mp4,0.9931640625
arruxldloh.mp4,0.98681640625
arstrttqeg.mp4,0.98095703125
asiwswrgnh.mp4,0.9892578125
asiwzzmvey.mp4,0.9931640625
aslokfrsbj.mp4,0.990234375
aspqeufuad.mp4,0.9921875
asrqbwjtvi.mp4,0.9931640625
aszpjdkvys.mp4,0.98779296875
atfajwqeit.mp4,0.98291015625
atglxemkyw.mp4,0.98779296875
atmqdcgwaj.mp4,0.9658203125
atzdorfpoo.mp4,0.1466064453125
aukfaxetvr.mp4,0.98974609375
aumhehkisj.mp4,0.9921875
avczvisstl.mp4,0.99169921875
avdvtlhcot.mp4,0.01271820068359375
avhldaimyf.mp4,0.9921875
avlmfkyfzg.mp4,0.9892578125
awfghdfcmz.mp4,0.99267578125
awjtdulzbz.mp4,0.9892578125
awkkwnyswq.mp4,0.97509765625
awkxwqfint.mp4,0.99267578125
awmvrsdttc.mp4,0.9892578125
axatawveci.mp4,0.994140625
axbahffclw.mp4,0.98681640625
axbondvizf.mp4,0.036224365234375
axcyprvxsm.mp4,0.984375
aydxjkfuhk.mp4,0.9833984375
ayhhyfamhc.mp4,0.97265625
ayiqatefmh.mp4,0.990234375
ayvmlkbabt.mp4,0.89208984375
azcsqgyuzb.mp4,0.9921875
aznqgghqge.mp4,0.98291015625
bajmqwxtxp.mp4,0.9912109375
bbeyhbquql.mp4,0.9892578125
bbyzlvgllp.mp4,0.98876953125
bcenttyeoc.mp4,0.98486328125
bcktnbnnyv.mp4,0.9931640625
bcudplyevq.mp4,0.9931640625
bdivrfxtqv.mp4,0.98974609375
bdkjxdndjn.mp4,0.99169921875
bdyghmwvxu.mp4,0.9716796875
bdyuwvpelk.mp4,0.9912109375
becfjonwfu.mp4,0.9912109375
benlmmdcnf.mp4,0.99169921875
bfiztrjizr.mp4,0.0106201171875
bfofpyvvnt.mp4,0.01276397705078125
bfqyovgynr.mp4,0.986328125
bfukrxvndm.mp4,0.9921875
bfwgingqsv.mp4,0.99267578125
bguxmfaihe.mp4,0.0167999267578125
bgvknboeyq.mp4,0.9912109375
bhliuvpgub.mp4,0.9892578125
bhmfpkjsbz.mp4,0.9921875
bhybofqflj.mp4,0.99365234375
bikrimaoum.mp4,0.0140380859375
bivyxqxxpd.mp4,0.49609375
bixdmyhkzw.mp4,0.96044921875
bjacjzisbq.mp4,0.9892578125
bjeocyuknw.mp4,0.98681640625
bkiogelrvu.mp4,0.99072265625
bkitjnimap.mp4,0.99169921875
bkuxvlsyax.mp4,0.99267578125
blbghnbwmt.mp4,0.01361083984375
blfmarosnw.mp4,0.98974609375
blqwrzztiy.mp4,0.99169921875
blszrprdrv.mp4,0.9921875
bltgxotaiv.mp4,0.0087127685546875
bmalihrewa.mp4,0.9208984375
bmgyolkiyj.mp4,0.99169921875
bmuynsdqhz.mp4,0.98291015625
bnbfkhafjz.mp4,0.984375
bnmxzioxft.mp4,0.99072265625
bodsawledj.mp4,0.98779296875
bodvhackdj.mp4,0.98974609375
boioyxhfch.mp4,0.9921875
boqihigtcw.mp4,0.98779296875
boyvpmwkhd.mp4,0.5
bpbqjruhkj.mp4,0.99072265625
bpjvxxvxvn.mp4,0.54638671875
bpsqrrutff.mp4,0.99072265625
bpxsrwrgvo.mp4,0.055755615234375
bpzskkbywi.mp4,0.99072265625
bqdgeuxypv.mp4,0.9384765625
bqhnwhikid.mp4,0.96337890625
bqkcbecxvc.mp4,0.95361328125
bqouzypnln.mp4,0.99169921875
bqpwmmesgq.mp4,0.0094146728515625
bqraxecmjq.mp4,0.9921875
bqtwvmatah.mp4,0.9912109375
brbajvtovp.mp4,0.99267578125
brdgxmzyer.mp4,0.9931640625
brlbfrwlxc.mp4,0.9931640625
brnucgxfmt.mp4,0.98779296875
brpeicyhrl.mp4,0.9921875
bsairngrxq.mp4,0.98876953125
bsnsresrqj.mp4,0.0194854736328125
bsutyosbsx.mp4,0.015045166015625
btdlkmhtfz.mp4,0.98681640625
bturisblmo.mp4,0.9921875
bukrebcogf.mp4,0.98974609375
bvrgsnsqql.mp4,0.9765625
bwagweehvu.mp4,0.9931640625
bwibhtuldm.mp4,0.0609130859375
bwsfcdhbiw.mp4,0.99267578125
bxxucoyrxf.mp4,0.99365234375
byfdhsjrkt.mp4,0.990234375
byhnpxstqf.mp4,0.99072265625
bytzlcfmqy.mp4,0.99267578125
bzadvtcrbc.mp4,0.93994140625
bzcytcuhwh.mp4,0.99267578125
bzkyhbjpbz.mp4,0.01064300537109375
bzmkdtmpch.mp4,0.99267578125
bzprpvomfu.mp4,0.99169921875
bzqfrfmgzb.mp4,0.9580078125
bzvkhvjaeo.mp4,0.99267578125
cacdswmrdp.mp4,0.2108154296875
calnloxfdm.mp4,0.9931640625
caohlfazlx.mp4,0.01824951171875
catwfsejfc.mp4,0.9921875
cavvofhzgz.mp4,0.98779296875
caypwrfwar.mp4,0.98779296875
cbanufeqzb.mp4,0.990234375
cbfvkzmyus.mp4,0.98681640625
cblquvzvyl.mp4,0.9921875
cbsefmnkpy.mp4,0.0091552734375
ccakgpvupa.mp4,0.9912109375
ccfhogoqpm.mp4,0.99169921875
cciabaezvr.mp4,0.9921875
ccipcmxaef.mp4,0.9736328125
ccsohxdeyz.mp4,0.9912109375
cdnookrehk.mp4,0.98779296875
cdubynoclz.mp4,0.202392578125
cdxowomrhk.mp4,0.2294921875
cegdayfefc.mp4,0.9931640625
cepsnuvlqu.mp4,0.98876953125
cewbjmqyic.mp4,0.99267578125
cfnlqhqhvp.mp4,0.98681640625
cfpwugwvjj.mp4,0.9873046875
cfsdvzrckg.mp4,0.99267578125
cfwjfzjdby.mp4,0.9931640625
cfwjpthcpu.mp4,0.9921875
cggngboudt.mp4,0.99072265625
cgpoltonnr.mp4,0.9921875
cgvxnadtdm.mp4,0.9931640625
cgyfydvyyx.mp4,0.986328125
chehvhrqyg.mp4,0.5341796875
chhqtdxurz.mp4,0.24853515625
chibbtchnd.mp4,0.007495880126953125
chiyetcxfu.mp4,0.9921875
chukujgyvi.mp4,0.00724029541015625
chxgwiaujv.mp4,0.9912109375
cifsgbnvrx.mp4,0.0123748779296875
cimfjgnans.mp4,0.99267578125
ciofvmjkdw.mp4,0.99267578125
cithuwasbk.mp4,0.99169921875
ciyvpljyvt.mp4,0.258544921875
ckxfnwnamq.mp4,0.0088043212890625
clmtssvjaf.mp4,0.990234375
cmbrlniexh.mp4,0.10992431640625
cmfldpsgig.mp4,0.9853515625
cmibddnytf.mp4,0.99365234375
cmnnfymbez.mp4,0.98486328125
cmoqplbifs.mp4,0.99365234375
cmptloljte.mp4,0.0149993896484375
cmveqobtaf.mp4,0.00818634033203125
cmxtwpabsw.mp4,0.99072265625
cnowlqxdbx.mp4,0.98876953125
cnqsdkwzmn.mp4,0.990234375
cnqwgagcgy.mp4,0.05670166015625
cnuhhfeikg.mp4,0.98828125
cocxlcbtfz.mp4,0.986328125
coptuddcwd.mp4,0.98876953125
cotriwoyvq.mp4,0.98828125
cpcecgauub.mp4,0.99072265625
cpctqroarq.mp4,0.99267578125
cpegivsezt.mp4,0.9912109375
cpxbnzuafp.mp4,0.2919921875
cqogueyphy.mp4,0.98974609375
crdhketdoh.mp4,0.01215362548828125
crilhpdoez.mp4,0.9892578125
crubhecwnk.mp4,0.0292816162109375
csauiuajcs.mp4,0.139892578125
csbmiqaidp.mp4,0.99267578125
csfixqpjhw.mp4,0.984375
csxjcoesqt.mp4,0.99072265625
ctcozenfll.mp4,0.13720703125
ctdzrkqorp.mp4,0.98876953125
ctibxwjesk.mp4,0.232666015625
ctlmkrjmut.mp4,0.98876953125
ctnbxsceln.mp4,0.990234375
ctopurgfgx.mp4,0.990234375
cudjeshfcw.mp4,0.99072265625
curoyzlzbr.mp4,0.98828125
cveehypkla.mp4,0.99267578125
cvrtjvwvqg.mp4,0.9892578125
cvvtpdnajw.mp4,0.9931640625
cwjovizmhq.mp4,0.96728515625
cwsktcqrzf.mp4,0.07830810546875
cxeopypcfd.mp4,0.98974609375
cxnoxemydo.mp4,0.98876953125
cxsxwxcstd.mp4,0.9833984375
cxuvzmrisu.mp4,0.2193603515625
czjjlhcdaf.mp4,0.9853515625
czspkzxynw.mp4,0.990234375
czxuxqxdzr.mp4,0.98828125
czygnxlbjc.mp4,0.7626953125
daoacyzjae.mp4,0.9814453125
dathymnzrv.mp4,0.5673828125
dbkmmswqfg.mp4,0.3798828125
dblcsugamc.mp4,0.99267578125
dbmrufysdj.mp4,0.9892578125
dbpzdrpogs.mp4,0.9912109375
dbqtnfwwle.mp4,0.98779296875
dbqyiobgnx.mp4,0.9853515625
dcgzckukcv.mp4,0.99072265625
dckwrwjrzb.mp4,0.99169921875
ddbiylzzqx.mp4,0.99267578125
ddifvixwxx.mp4,0.98779296875
ddogfurugq.mp4,0.8525390625
ddpngojvzy.mp4,0.9912109375
ddshhjsygw.mp4,0.98876953125
ddzfcscdat.mp4,0.99267578125
defolmxezz.mp4,0.9921875
dejrbttkhl.mp4,0.9912109375
dfaeqriiwz.mp4,0.99072265625
dfmgpurley.mp4,0.990234375
dfmrkjvbst.mp4,0.99267578125
dgwhrhufly.mp4,0.990234375
dgxwkzjeuh.mp4,0.994140625
dhacxelphg.mp4,0.97412109375
dhbbkwlagj.mp4,0.962890625
dhcfvvwvid.mp4,0.9794921875
dhdivhuwly.mp4,0.98876953125
dicdynesul.mp4,0.99365234375
digvzzvyoe.mp4,0.391845703125
diiznqknyh.mp4,0.9912109375
diopnptloj.mp4,0.984375
diqqbcmidu.mp4,0.98876953125
disbytpxhu.mp4,0.9873046875
djjtwjtymj.mp4,0.9921875
djurladqta.mp4,0.9921875
djxtvdtmxx.mp4,0.990234375
dkqgphgzgf.mp4,0.99267578125
dlllcetqbw.mp4,0.99267578125
dnjlbgljyf.mp4,0.8974609375
dnswxamjjt.mp4,0.00771331787109375
doagslzeae.mp4,0.99169921875
doaisfmawr.mp4,0.99267578125
dodwessgpl.mp4,0.99267578125
dofxakipma.mp4,0.9921875
dousbnlwam.mp4,0.0263519287109375
dovonxgzrn.mp4,0.99169921875
dozswzstib.mp4,0.99365234375
dpdjjmqwqn.mp4,0.01139068603515625
dpdpkevreu.mp4,0.99169921875
dpekatbxlr.mp4,0.98974609375
dpevhliuec.mp4,0.2403564453125
dpglsmiqwm.mp4,0.018707275390625
dpiynoeiwp.mp4,0.9931640625
dqztatxlqb.mp4,0.9931640625
dralbstugr.mp4,0.99267578125
drqkbppazx.mp4,0.9873046875
drsgygzgya.mp4,0.9931640625
drwmfvxesn.mp4,0.986328125
drxdmrwgmc.mp4,0.99169921875
dsjswaaiiv.mp4,0.98876953125
dspnjwfpes.mp4,0.98828125
dsvibdylng.mp4,0.9931640625
dtwbmdgqsl.mp4,0.98974609375
duekvkfzff.mp4,0.98974609375
dujcilrfww.mp4,0.9873046875
duqeevntgr.mp4,0.99365234375
dutxfomimk.mp4,0.9931640625
dvpfvrshkw.mp4,0.87841796875
dvtecviott.mp4,0.98876953125
dvvekopjjj.mp4,0.99267578125
dvzwkvoefx.mp4,0.01137542724609375
dwbnvmlubl.mp4,0.9921875
dwbowdmluw.mp4,0.990234375
dwdktihpbm.mp4,0.9912109375
dwvxvbxioc.mp4,0.97998046875
dxabwtdvfh.mp4,0.01270294189453125
dxaqipdvyw.mp4,0.98583984375
dxgqpzshfu.mp4,0.1910400390625
dxpqnkmhby.mp4,0.99072265625
dxufplmrlm.mp4,0.99072265625
dxyakiyigf.mp4,0.98779296875
dygsjlcqut.mp4,0.9931640625
dyifxrijyv.mp4,0.99365234375
dyprovhtkx.mp4,0.9912109375
dytbiqhhzf.mp4,0.984375
dzgfxjhife.mp4,0.9892578125
dzhethcpbw.mp4,0.00997161865234375
dzrgflxexs.mp4,0.1064453125
dzxiokxmzp.mp4,0.01434326171875
dzxtgayaos.mp4,0.99072265625
dzzevfhzgv.mp4,0.91552734375
eahfxxbwtf.mp4,0.9931640625
ebakrsmaqv.mp4,0.98876953125
ebhmsikovp.mp4,0.98291015625
ebsvuoccfd.mp4,0.9921875
ebubrjyqns.mp4,0.98974609375
eccpdfpjel.mp4,0.0084075927734375
ecrskxqpav.mp4,0.99267578125
ecsjgdocyg.mp4,0.98974609375
edanjkaglb.mp4,0.99072265625
edsjrpcbqk.mp4,0.99365234375
eejsansfwg.mp4,0.994140625
eeuhwigdaq.mp4,0.990234375
efjsowsghk.mp4,0.9921875
efkafgubac.mp4,0.9931640625
eftlgmpiaw.mp4,0.98046875
efzuagfooh.mp4,0.98828125
egcugeafxw.mp4,0.98828125
egolbmkdql.mp4,0.9921875
egqszphwcg.mp4,0.99267578125
ehtbiqorco.mp4,0.99267578125
ehwhbqciyf.mp4,0.98974609375
eiczxyyqbi.mp4,0.99267578125
ejvekgctfu.mp4,0.98779296875
ejxniublbo.mp4,0.9853515625
ekdgndagyc.mp4,0.98974609375
ekfjpswjug.mp4,0.97509765625
ekinylkxkt.mp4,0.99365234375
ekmpricrrr.mp4,0.9912109375
ekzlovqjbv.mp4,0.99365234375
elikgbssgh.mp4,0.99267578125
ellerbzgmz.mp4,0.99169921875
elztrnjyjz.mp4,0.9921875
emmzfsmqfb.mp4,0.99267578125
emzpwwqnbu.mp4,0.9921875
entdaiqrgf.mp4,0.9921875
enyfsmfgvb.mp4,0.9931640625
eoljscsixt.mp4,0.98583984375
eoohrrbolh.mp4,0.98388671875
eqakmmwngj.mp4,0.99365234375
eqdhbelkdl.mp4,0.99072265625
eqhpdwysuw.mp4,0.0187225341796875
eqkymdlspg.mp4,0.9931640625
eqlhnwfxze.mp4,0.01220703125
eqmrmdwnyo.mp4,0.044586181640625
eqmxbrgkdd.mp4,0.8583984375
eqstliqzef.mp4,0.59619140625
eqxqlfglra.mp4,0.99072265625
eqzizahfxi.mp4,0.9921875
eslcazibhu.mp4,0.98095703125
esrkewmeqt.mp4,0.01258087158203125
estygoobsr.mp4,0.99267578125
esuweuifts.mp4,0.59375
etkwneghea.mp4,0.99365234375
etmtlobhjl.mp4,0.9921875
etofetloij.mp4,0.00933074951171875
etqefqwfem.mp4,0.98974609375
etsvhdjyhg.mp4,0.98486328125
etswgogitb.mp4,0.99072265625
etswywimft.mp4,0.99267578125
etuiyfidqe.mp4,0.98291015625
euaugumzog.mp4,0.277587890625
eugjbxtszt.mp4,0.98974609375
eugszzdbxy.mp4,0.99072265625
eukebgiccw.mp4,0.9921875
eurtdahlrz.mp4,0.99169921875
euydqohhqn.mp4,0.984375
evanozbfoa.mp4,0.85595703125
evgsgtzsmq.mp4,0.99267578125
evnpfradix.mp4,0.98486328125
evppthjsbd.mp4,0.984375
evuyarrqcb.mp4,0.9912109375
evxtqswetb.mp4,0.99267578125
ewapjbcfuv.mp4,0.9931640625
ewjrqhcwbn.mp4,0.99267578125
ewlyehxfzb.mp4,0.98876953125
ewoefcghuy.mp4,0.9892578125
ewpkflkuah.mp4,0.01183319091796875
ewqrfiisqe.mp4,0.0070037841796875
ewyeaqhmfe.mp4,0.990234375
exfpnvnfwa.mp4,0.00983428955078125
exhfwnjwrh.mp4,0.9931640625
exouxhurex.mp4,0.0124359130859375
exvwmgobwc.mp4,0.98974609375
eyacmcjknj.mp4,0.99072265625
eyffoapcce.mp4,0.85009765625
eyusbqspuh.mp4,0.99072265625
eyywfiialh.mp4,0.2489013671875
ezajsnknkc.mp4,0.417236328125
ezpulhyrqd.mp4,0.97021484375
fachvpmjpg.mp4,0.9912109375
fadcaxaafk.mp4,0.160400390625
fadljknvrx.mp4,0.99267578125
fapupenfkl.mp4,0.288818359375
favwudatxe.mp4,0.9892578125
fbdzfxddvk.mp4,0.99072265625
fbfxiwunri.mp4,0.99169921875
fbibtubooo.mp4,0.9921875
fbicfztldi.mp4,0.22412109375
fcgttspyiy.mp4,0.9873046875
fclnkaotuf.mp4,0.01450347900390625
fcqkakrkkt.mp4,0.84033203125
fcqotwdluv.mp4,0.98974609375
fcroeeiwbw.mp4,0.019561767578125
fctyywfhmh.mp4,0.990234375
fcussypxwn.mp4,0.99267578125
fcwisgaaro.mp4,0.9873046875
fcyzsnnext.mp4,0.9912109375
fdfcclojex.mp4,0.9921875
fesdxiprfd.mp4,0.9267578125
fezasvqvsw.mp4,0.99169921875
ffbwehugnp.mp4,0.01531982421875
ffhdgsvsmb.mp4,0.98974609375
ffhzeodora.mp4,0.9921875
ffidvaqcfh.mp4,0.9921875
ffqfbvsmkq.mp4,0.98681640625
ffvoqimwmv.mp4,0.9921875
ffzeueddpx.mp4,0.9189453125
fgkkhtjosp.mp4,0.9921875
fglguggmiy.mp4,0.257568359375
fgnmillpcj.mp4,0.9931640625
fgpjczpejr.mp4,0.98876953125
fgsulgqrgk.mp4,0.98779296875
fgtdbexjtp.mp4,0.6826171875
fgueschpvr.mp4,0.98779296875
fhdpasazzp.mp4,0.951171875
fhqycclsvg.mp4,0.966796875
fhsdkuguju.mp4,0.990234375
fhtcxgzjvr.mp4,0.9833984375
ficmlfzbul.mp4,0.9921875
fiinousxrm.mp4,0.9921875
fjaomdpqkk.mp4,0.265625
fjejdkbdvo.mp4,0.98876953125
fjncnvgpad.mp4,0.98388671875
fjnvsgejnv.mp4,0.01502227783203125
fjqzlccxlq.mp4,0.9892578125
fjsbsydeai.mp4,0.00856781005859375
fjsuelxaqo.mp4,0.990234375
fjzubtympu.mp4,0.9814453125
fkfxnvftvc.mp4,0.013885498046875
fkjegdwqur.mp4,0.01129913330078125
fkpjpyhtax.mp4,0.01007080078125
fliyvtgbru.mp4,0.99072265625
flkcbvanpt.mp4,0.9912109375
fllccgwlhc.mp4,0.033477783203125
flyapytwzl.mp4,0.98828125
flyuhvlaef.mp4,0.62890625
fmbcendnnh.mp4,0.99169921875
fmyehmzinn.mp4,0.359619140625
fncxxdmkfx.mp4,0.99072265625
fnlyouwxau.mp4,0.9921875
fnvrpfpgzy.mp4,0.986328125
fodalblhcd.mp4,0.982421875
fojncnzzrs.mp4,0.9921875
folvmimysf.mp4,0.990234375
fpiowljlrq.mp4,0.9921875
fpjczdegjy.mp4,0.98828125
fqlbrfbiyz.mp4,0.9921875
frjbrjdbmz.mp4,0.9892578125
frqijjzpxl.mp4,0.9931640625
frrhyudilh.mp4,0.99169921875
frrqtjofwm.mp4,0.91748046875
fruopjdxju.mp4,0.9931640625
fsjtihxnza.mp4,0.982421875
ftlfdigxjf.mp4,0.9931640625
ftsuphblcw.mp4,0.97705078125
fubgavgwzr.mp4,0.99169921875
fueiqjfgoq.mp4,0.59765625
fupcyuhxkg.mp4,0.9921875
fuzgtljhff.mp4,0.98681640625
fvaezfnuox.mp4,0.99169921875
fvchcrryfk.mp4,0.98583984375
fvgsbqodny.mp4,0.01806640625
fvhfqqhgll.mp4,0.99169921875
fvmgomeatk.mp4,0.98974609375
fvtinjiwqm.mp4,0.98974609375
fvzwfxnerd.mp4,0.99169921875
fwbkkigixs.mp4,0.99365234375
fwboxgwtlw.mp4,0.99365234375
fwcsbrbbpr.mp4,0.99365234375
fxesowzguc.mp4,0.98876953125
fxmyfnkjtl.mp4,0.99072265625
fyjsagezto.mp4,0.9912109375
fzfhqfxnqb.mp4,0.99169921875
fzimbqtqss.mp4,0.990234375
fzmwaqgrgm.mp4,0.9912109375
fzvtipksxg.mp4,0.9892578125
fzxbfzymhw.mp4,0.9892578125
gauuoevrnw.mp4,0.978515625
gaxroakdxd.mp4,0.98388671875
gaypzhbkhd.mp4,0.98974609375
gazjczvgew.mp4,0.9931640625
gbeqpnpwbm.mp4,0.034027099609375
gbmlaazukv.mp4,0.9931640625
gbtbgbqvuk.mp4,0.99072265625
gcivsrnfir.mp4,0.9912109375
gcldoijzio.mp4,0.9892578125
gcszcifzgc.mp4,0.99267578125
gcunfgbmwp.mp4,0.99365234375
gcymjilcah.mp4,0.0211639404296875
gczepcsdfi.mp4,0.0077667236328125
gdohinwlun.mp4,0.9892578125
gdspfwhoxr.mp4,0.98779296875
gecdkhexge.mp4,0.01006317138671875
gejavamxdm.mp4,0.9853515625
gekfaqwxix.mp4,0.3896484375
geohwppdhj.mp4,0.99072265625
geqwbnmtbm.mp4,0.9892578125
geuhmpknvu.mp4,0.99365234375
gewosinxix.mp4,0.9921875
gezgtvfajs.mp4,0.986328125
gfahvpuqzm.mp4,0.99072265625
gfecefiqwl.mp4,0.99072265625
gfehstjqdf.mp4,0.00762939453125
gfpqtrphql.mp4,0.01117706298828125
gftjxemklb.mp4,0.01202392578125
gftnimdbet.mp4,0.9853515625
gfwkvaxemc.mp4,0.984375
ggiqapvqqb.mp4,0.98974609375
ggixlxkzqj.mp4,0.98046875
ggmcepsdne.mp4,0.99072265625
ggprhtkjyo.mp4,0.98876953125
ggxrftsibq.mp4,0.990234375
ghaztjdokh.mp4,0.99365234375
gheuivvcfb.mp4,0.9912109375
ghquawtnge.mp4,0.98681640625
gieeufulqu.mp4,0.9921875
gijoffsifw.mp4,0.8916015625
gjakvggxai.mp4,0.99267578125
gjarvidhvr.mp4,0.08612060546875
gjgrdqbvgi.mp4,0.9921875
gjtsqbtrvy.mp4,0.99169921875
gjxnrwjxwe.mp4,0.038238525390625
gjxujhvkyc.mp4,0.00823211669921875
gkoaqihhfd.mp4,0.9697265625
gkohfnywjc.mp4,0.9931640625
gkozhhmcja.mp4,0.9931640625
gkrecyncze.mp4,0.9921875
gladktygyb.mp4,0.966796875
gldzqnyvsf.mp4,0.9921875
gllmnlshoz.mp4,0.986328125
glxfpjrhgp.mp4,0.9853515625
gmailgyenl.mp4,0.990234375
gmduiwbari.mp4,0.98974609375
gmeokgnnmc.mp4,0.990234375
gmormxdytr.mp4,0.99072265625
gmyvfdvwau.mp4,0.98095703125
gmzkpcetns.mp4,0.9853515625
gnbjmbjicv.mp4,0.99365234375
gnlxmgjjof.mp4,0.5
gnryvymosi.mp4,0.9921875
gnzapjfnhr.mp4,0.99365234375
goardbrdyd.mp4,0.99169921875
goetaanbkq.mp4,0.9921875
gohzxhoazl.mp4,0.98876953125
goltqpoduh.mp4,0.98486328125
goqderzmlr.mp4,0.990234375
gpjyutpeib.mp4,0.9892578125
gpoummlawi.mp4,0.99267578125
gpxbzuuekd.mp4,0.99072265625
gqbzlzztkw.mp4,0.98828125
gqmkuyvpdv.mp4,0.9892578125
gqyhsojmrv.mp4,0.99267578125
grgwugperc.mp4,0.98779296875
grptyztvqt.mp4,0.8876953125
grzozxrpgq.mp4,0.99267578125
gtawaprccv.mp4,0.98974609375
gtksiofiwm.mp4,0.990234375
gtpajvnljq.mp4,0.2401123046875
gtrymxgptc.mp4,0.9931640625
gudniqrnda.mp4,0.990234375
guffckbvby.mp4,0.99072265625
gukkdligzb.mp4,0.0633544921875
gumuvrnmnw.mp4,0.99462890625
guthddbqij.mp4,0.9931640625
gvejaseods.mp4,0.51513671875
gvfvpjomcj.mp4,0.986328125
gvrtvflyup.mp4,0.015167236328125
gvvhegkoiz.mp4,0.9931640625
gwadlivyoy.mp4,0.986328125
gwazpgohym.mp4,0.99169921875
gwihhlwtiq.mp4,0.2529296875
gwjdnxefon.mp4,0.00997161865234375
gwsygunrfd.mp4,0.99072265625
gxcoafghbo.mp4,0.990234375
gxgytyxovs.mp4,0.98486328125
gycrnobqpp.mp4,0.070068359375
gykvshoqvk.mp4,0.99072265625
gylhcczatl.mp4,0.98974609375
gyppjmvypq.mp4,0.034942626953125
gzdsestvja.mp4,0.990234375
gzrswfalvp.mp4,0.98583984375
hadngdumar.mp4,0.830078125
hafojkdniz.mp4,0.99267578125
haoadbkzvu.mp4,0.019317626953125
hatztthpbh.mp4,0.9892578125
hbyxzwnifl.mp4,0.98876953125
hcbetseuar.mp4,0.99072265625
hceplvorif.mp4,0.9931640625
hcgjlbnvpr.mp4,0.00830078125
hcknrtiscw.mp4,0.9931640625
hcwhwpwcrv.mp4,0.9892578125
hcxcomepos.mp4,0.9931640625
hdaleijded.mp4,0.02703857421875
hdjbbigtmb.mp4,0.9931640625
hdnxtcjnps.mp4,0.98583984375
heaqqlytsc.mp4,0.00745391845703125
heltevgekc.mp4,0.9697265625
henggajptu.mp4,0.9931640625
heoxpyffcw.mp4,0.9931640625
hetclsgiwz.mp4,0.5712890625
hffemnxolq.mp4,0.99072265625
hflevhjyro.mp4,0.908203125
hfoioyeobe.mp4,0.0136566162109375
hgapkkpvdb.mp4,0.9931640625
hgdkjejnki.mp4,0.9892578125
hgfgxgkali.mp4,0.99169921875
hgsvltiixn.mp4,0.010955810546875
hheboixbgi.mp4,0.984375
hhuqodnvgi.mp4,0.012054443359375
hhvdokacxp.mp4,0.9873046875
hiiyszsgjy.mp4,0.9921875
hislcternr.mp4,0.99072265625
hjaasqlfzy.mp4,0.7744140625
hjfvwlqmeg.mp4,0.00772857666015625
hkawzvmxbl.mp4,0.9892578125
hkmoxnzqtq.mp4,0.99365234375
hkqeqfzdqw.mp4,0.9765625
hkrtxvxgru.mp4,0.9921875
hlhoclqaeb.mp4,0.1845703125
hlytebulax.mp4,0.98876953125
hmbdrjvmet.mp4,0.28955078125
hmdbpmyhyp.mp4,0.0570068359375
hmsewtnful.mp4,0.99267578125
hmxdowkesn.mp4,0.0192718505859375
hnduasoexh.mp4,0.9921875
hngsxhckgd.mp4,0.9169921875
hnrjqavaaf.mp4,0.98828125
hnuudbriou.mp4,0.9814453125
hnwayorldx.mp4,0.9853515625
hnwljrzjaz.mp4,0.01155853271484375
hogilbrbej.mp4,0.07098388671875
hojcyybnwm.mp4,0.010528564453125
hokugesscb.mp4,0.98876953125
holfzxlrzl.mp4,0.99072265625
horcjsxnin.mp4,0.9921875
hoxrefyboh.mp4,0.9892578125
hoykxrljpv.mp4,0.98876953125
hozwfqophr.mp4,0.98974609375
hphaokkuxd.mp4,0.96923828125
hppeihmuec.mp4,0.9931640625
hqqnsbetzv.mp4,0.99267578125
hqsuovcrlk.mp4,0.99267578125
hriultflyg.mp4,0.01045989990234375
hrydrvbapt.mp4,0.99267578125
hskxjddedq.mp4,0.9931640625
htajkoiyrr.mp4,0.01073455810546875
htoyvdszos.mp4,0.98876953125
huecqgjncq.mp4,0.98876953125
hukttnllxr.mp4,0.9931640625
hulfidzhmi.mp4,0.99267578125
huuebfmqec.mp4,0.99169921875
huyniwuhqe.mp4,0.98876953125
hvcxqgiwfe.mp4,0.99072265625
hvopzymymu.mp4,0.40283203125
hvqmkyrggf.mp4,0.0200347900390625
hvshaelzle.mp4,0.99365234375
hvywucdzbt.mp4,0.98486328125
hvznknkjvq.mp4,0.98779296875
hwafeitigg.mp4,0.224853515625
hxnvptlgcu.mp4,0.9931640625
hxqzlyumcg.mp4,0.99072265625
hybocopfwt.mp4,0.01044464111328125
hzhuilctfp.mp4,0.99267578125
hzizltbggv.mp4,0.9833984375
hzohyyrfdj.mp4,0.98779296875
hzoyngiaoz.mp4,0.9892578125
hzxwksyuxx.mp4,0.99267578125
ibhfdqywst.mp4,0.9931640625
ibhrbcboav.mp4,0.99267578125
ibpkhvbton.mp4,0.99267578125
ibxzhlqijg.mp4,0.9892578125
ickaowvree.mp4,0.9912109375
icnxlpkqck.mp4,0.9853515625
icrvorrnel.mp4,0.9833984375
ictsrbvpyw.mp4,0.0596923828125
iczlgqaqpg.mp4,0.99169921875
idcxezkhbt.mp4,0.9873046875
idkypjamom.mp4,0.0098114013671875
idtfzwduqc.mp4,0.08966064453125
ieblmcegmk.mp4,0.98681640625
ieffklubvw.mp4,0.99267578125
iejtesnfvm.mp4,0.99169921875
iesgtcmomr.mp4,0.98974609375
ifggshtynd.mp4,0.99365234375
ifhkiyyjtc.mp4,0.9892578125
igekiersqy.mp4,0.9931640625
ignjgucwqo.mp4,0.0079345703125
igoscayqzz.mp4,0.9833984375
igouepvsij.mp4,0.9912109375
igwkzixatk.mp4,0.97998046875
igwuwvvjkv.mp4,0.9931640625
ihcxgmbubo.mp4,0.9794921875
ihocczjmdk.mp4,0.9892578125
ihsokbmjbc.mp4,0.98779296875
iiesesoyxp.mp4,0.9912109375
ijchkulser.mp4,0.990234375
ijgmcbwkjy.mp4,0.9931640625
ijpcelqdco.mp4,0.99267578125
ijspqwgovc.mp4,0.7177734375
ikqkuyagbl.mp4,0.99169921875
ilbzdmwnuv.mp4,0.98974609375
ilkhtkopoq.mp4,0.00988006591796875
ilkuxqamua.mp4,0.99169921875
imcctslcgz.mp4,0.99267578125
imijeuifwl.mp4,0.994140625
imiwzsamzz.mp4,0.98876953125
inlulnqgjf.mp4,0.80859375
inzlbdwkpz.mp4,0.98681640625
iobnxqtkgg.mp4,0.98876953125
iojwofhnwj.mp4,0.9677734375
iopprxmdrl.mp4,0.9921875
iotwxkwswd.mp4,0.9521484375
iowiznmnnd.mp4,0.99365234375
ipbyairara.mp4,0.457763671875
ipjmvcgdhw.mp4,0.9931640625
iqapiwnsmu.mp4,0.98583984375
iqgiirciwn.mp4,0.9921875
iqkhdjjxes.mp4,0.98681640625
iqmwzjyksk.mp4,0.99267578125
iqupvubgpm.mp4,0.98876953125
irbyfpqxhh.mp4,0.9912109375
irtnypbxas.mp4,0.98486328125
isfkcvmzbm.mp4,0.99169921875
isiubqzuzc.mp4,0.9912109375
istgsllxyq.mp4,0.99267578125
isuuywkjkp.mp4,0.9931640625
isxzmbfwaz.mp4,0.9921875
itpaqvfwpg.mp4,0.99169921875
itpkvblciq.mp4,0.99267578125
itsedwdjys.mp4,0.99267578125
itwsvyywjd.mp4,0.99169921875
itxawnlbch.mp4,0.99072265625
ityqjjucub.mp4,0.9931640625
itzjjwxysp.mp4,0.98828125
iuewyxarwm.mp4,0.9638671875
iutmmxwgah.mp4,0.98974609375
ivarngiehh.mp4,0.9921875
ivbryilmzq.mp4,0.99267578125
ivlxyjtbza.mp4,0.01140594482421875
ivngiaholz.mp4,0.9921875
ivrpwqfdob.mp4,0.99267578125
iwbdixywrr.mp4,0.99365234375
iwbsxnzpmc.mp4,0.98193359375
iweobhwprt.mp4,0.131103515625
iwezcnpomx.mp4,0.9931640625
iwkdyefcry.mp4,0.6220703125
iwquwreibp.mp4,0.9931640625
iwwqxjoxfp.mp4,0.297607421875
ixqfvxjtsr.mp4,0.9892578125
ixrdlekndo.mp4,0.99072265625
ixxwqexyhb.mp4,0.98193359375
ixzuccwwqs.mp4,0.027374267578125
iyevlxhraf.mp4,0.99267578125
iykatwvtlo.mp4,0.98974609375
iytyilgihs.mp4,0.00823211669921875
izfojgcokb.mp4,0.6025390625
izgnxrjqfv.mp4,0.99267578125
izhchgzacx.mp4,0.00751495361328125
izrjasmngs.mp4,0.98779296875
izsvnupcib.mp4,0.98291015625
izushcrwhm.mp4,0.9921875
izuwizilgv.mp4,0.1259765625
jazrfmgzpy.mp4,0.019378662109375
jbahcovspa.mp4,0.99169921875
jbxsnmibxr.mp4,0.034912109375
jctkcqmbnq.mp4,0.9921875
jdgqsictvt.mp4,0.98876953125
jdhdagckts.mp4,0.92578125
jdniqpvmdr.mp4,0.1275634765625
jdrhwiuwtd.mp4,0.99267578125
jdwubpkquk.mp4,0.98828125
jepavgmbmf.mp4,0.990234375
jewhgesjay.mp4,0.00910186767578125
jewxpncdcp.mp4,0.00774383544921875
jfbottnlel.mp4,0.99365234375
jfclkecjoj.mp4,0.0222625732421875
jfiihcpiyh.mp4,0.984375
jgdtfopkqx.mp4,0.99267578125
jgfpmasqnf.mp4,0.99169921875
jgfpubdbyh.mp4,0.99267578125
jgoplvdxdz.mp4,0.98876953125
jgtnwbmofm.mp4,0.98291015625
jhonpnpoue.mp4,0.99169921875
jhyvxtuhlb.mp4,0.98486328125
jiajoalqzh.mp4,0.00839996337890625
jidbgjqkur.mp4,0.9892578125
jifkbgreko.mp4,0.9921875
jijydihvum.mp4,0.9912109375
jimyddcjzl.mp4,0.9345703125
jjdwscmboo.mp4,0.99267578125
jjewbavpac.mp4,0.98974609375
jjlrpcdplq.mp4,0.9892578125
jjvxeeawfq.mp4,0.9921875
jjxcruldox.mp4,0.99267578125
jkgoacwovv.mp4,0.990234375
jkmhvprjrl.mp4,0.99169921875
jknqixlovb.mp4,0.9931640625
jkxfexovpf.mp4,0.99072265625
jmbyprxmfn.mp4,0.0143280029296875
jmfiehgkcn.mp4,0.9921875
jmghqvqgxv.mp4,0.98095703125
jmmhppwkfg.mp4,0.01422882080078125
jnbbbxihbh.mp4,0.98046875
jnpfknbyus.mp4,0.986328125
jnqvvbpcjn.mp4,0.9853515625
jolrzhwbbv.mp4,0.9931640625
jonnrxawsy.mp4,0.98974609375
jpdgijasir.mp4,0.74560546875
jpiejubkdq.mp4,0.99169921875
jpnlrqjucb.mp4,0.9921875
jprtolusrq.mp4,0.93017578125
jptxjzbrva.mp4,0.9931640625
jpyovsnfga.mp4,0.880859375
jqcqlmyrwk.mp4,0.99072265625
jqzpfigaxh.mp4,0.9921875
jrdspknouk.mp4,0.9931640625
jroxppirqe.mp4,0.1900634765625
jrtcxweqxe.mp4,0.9931640625
jsmlfwdmht.mp4,0.98486328125
jsmpyzdmtj.mp4,0.98876953125
jsruxnmhbz.mp4,0.98876953125
jssvebigdw.mp4,0.9921875
jstfqtqxsd.mp4,0.98974609375
jtctmvotlp.mp4,0.98974609375
jtkqjeenlp.mp4,0.98779296875
jtpmcpcbsn.mp4,0.99267578125
jtzmffmroy.mp4,0.99169921875
jubibhoyio.mp4,0.990234375
jueeritxcp.mp4,0.9892578125
jujuzhqrdz.mp4,0.30029296875
juzetmgaoc.mp4,0.007373809814453125
jvgwcmnpdf.mp4,0.98388671875
jvyfzizdvi.mp4,0.98583984375
jwhjmfgnvx.mp4,0.98388671875
jwhsfrbrzw.mp4,0.9921875
jwuolcfxil.mp4,0.990234375
jwvbunnmhb.mp4,0.283203125
jxawdzmebv.mp4,0.9853515625
jyhvnksgox.mp4,0.0230712890625
jyrnrfpdvl.mp4,0.013641357421875
jyrxhceptc.mp4,0.98388671875
jysrnjyelb.mp4,0.98681640625
jyuhqauxgp.mp4,0.9921875
jyykwfwywd.mp4,0.98974609375
jzpmdanbau.mp4,0.99169921875
jzuvttoidb.mp4,0.9912109375
kaksbdqbts.mp4,0.98876953125
kasxhsylce.mp4,0.0103759765625
kawtsuffus.mp4,0.99267578125
kbemlegrws.mp4,0.1815185546875
kbisvijdmm.mp4,0.2320556640625
kbsjcsrzhd.mp4,0.98681640625
kcawhmjzvb.mp4,0.98779296875
kcbdyzrxxe.mp4,0.98828125
kcgcufurur.mp4,0.9921875
kchknmhqfx.mp4,0.9873046875
kcoyyopziw.mp4,0.9921875
kctjlickdj.mp4,0.97705078125
kdchudzrie.mp4,0.0161285400390625
kdkffgmbfu.mp4,0.990234375
kdtigewgth.mp4,0.1727294921875
kebsibtnuz.mp4,0.99267578125
kepynrnjtg.mp4,0.9912109375
kernyrgjym.mp4,0.99169921875
keuyosbbdn.mp4,0.98681640625
kezzqtfohk.mp4,0.2330322265625
kfgcktdsul.mp4,0.98876953125
kfrnxbiebb.mp4,0.9921875
kfytzhsdkk.mp4,0.9912109375
kgacawfyvy.mp4,0.04730224609375
kgeixehmwu.mp4,0.99267578125
kgrhopnsar.mp4,0.98193359375
khvswyndvh.mp4,0.98388671875
kihfyvqjrl.mp4,0.98876953125
kikkqsjzfk.mp4,0.98828125
kjmzbyzapb.mp4,0.007701873779296875
kkobnbbaln.mp4,0.99169921875
kkupumluql.mp4,0.1123046875
kljepvvmau.mp4,0.012603759765625
kmgudgiwxv.mp4,0.99365234375
kmkzatvadx.mp4,0.986328125
kmliyduces.mp4,0.01824951171875
kmtpfrbfoa.mp4,0.98681640625
kmyhzsuequ.mp4,0.85595703125
knljhjknnu.mp4,0.98779296875
knnpmoznoa.mp4,0.9931640625
koczcffhqi.mp4,0.984375
koeytonnaz.mp4,0.990234375
kogaceakif.mp4,0.9912109375
kogsdcoygg.mp4,0.9921875
kojumodwqz.mp4,0.966796875
konpiwpxkm.mp4,0.94287109375
kosvbdxsfy.mp4,0.0791015625
koyandzswg.mp4,0.98583984375
kpokwpxxbu.mp4,0.99267578125
kpykyjnwwz.mp4,0.62646484375
kqcosusffn.mp4,0.97802734375
kqgtsmqbpa.mp4,0.9912109375
kqjcuycosi.mp4,0.99267578125
kqnvlydjgx.mp4,0.9833984375
kqwxfglcgo.mp4,0.99072265625
kraywetwrt.mp4,0.9931640625
krcwnqcmyg.mp4,0.0819091796875
krnjodwmsb.mp4,0.9892578125
krskrpdcad.mp4,0.990234375
ksadzljwkj.mp4,0.98828125
ksiwjygwrw.mp4,0.99072265625
kslgjwskxu.mp4,0.9853515625
ktazdfvzxh.mp4,0.990234375
ktcyhakxfn.mp4,0.99365234375
ktjmfcxqyd.mp4,0.009521484375
ktngjmgfut.mp4,0.9931640625
ktnuxjqspw.mp4,0.01314544677734375
ktrrihbdgp.mp4,0.5
kuihikronb.mp4,0.978515625
kuugjjnzvb.mp4,0.9921875
kvbicaaqot.mp4,0.9921875
kvbxyspkym.mp4,0.95947265625
kvcwpzfstd.mp4,0.0098724365234375
kvhdpfzpon.mp4,0.98974609375
kvtrtolcvx.mp4,0.99365234375
kvunxtjnjg.mp4,0.99267578125
kvxrkxellk.mp4,0.99072265625
kwfrybsugq.mp4,0.9931640625
kwwbklisbi.mp4,0.9912109375
kxbkpndjeg.mp4,0.99072265625
kxewunrmam.mp4,0.9794921875
kxgqkakasv.mp4,0.994140625
kxljculnyz.mp4,0.6015625
kxpjzkgktr.mp4,0.99267578125
kxwzxqowht.mp4,0.9931640625
kydtueuqhh.mp4,0.99072265625
kyggjfisyj.mp4,0.990234375
kygkgngiex.mp4,0.990234375
kygtgeqhvm.mp4,0.99169921875
kyirqvfadb.mp4,0.98828125
kykofpdlbt.mp4,0.9931640625
kyoahgwfnp.mp4,0.99072265625
kyradorwwn.mp4,0.974609375
kyvydsxjdx.mp4,0.1607666015625
kzjqjyxjba.mp4,0.99365234375
kzzzequpdt.mp4,0.9912109375
lafsnrurnk.mp4,0.99267578125
laglgdftel.mp4,0.9931640625
laxvcsetkn.mp4,0.98974609375
lbchzdzvks.mp4,0.99365234375
lbjlvzpxkw.mp4,0.9921875
lbkvnpgdug.mp4,0.9326171875
lbpsijmimo.mp4,0.99267578125
lbzavxgnph.mp4,0.984375
lcbcjcfbet.mp4,0.98828125
lcejqpmevk.mp4,0.9892578125
lchshnnoyb.mp4,0.986328125
lcnhlggddw.mp4,0.99072265625
lcwpkxdevw.mp4,0.8447265625
ldgvehqkpu.mp4,0.92041015625
ldolscylre.mp4,0.99169921875
ldpsunxnsj.mp4,0.9873046875
lejluauqlq.mp4,0.51416015625
lejvsficfs.mp4,0.9921875
lexuivzvju.mp4,0.9931640625
leycoieybz.mp4,0.955078125
lfbgnwylfy.mp4,0.96484375
lfdjsbmfhq.mp4,0.9853515625
lflchzkymw.mp4,0.9931640625
lfvmfaqnmc.mp4,0.990234375
lgksniqhis.mp4,0.99169921875
lgoyltneud.mp4,0.9931640625
lhhflkrcrb.mp4,0.99072265625
lhklvngngj.mp4,0.98876953125
lhrtljxmpk.mp4,0.9931640625
lipwxxllue.mp4,0.0262603759765625
ljeapddvuv.mp4,0.990234375
ljigonxihx.mp4,0.00838470458984375
ljnnrqdtrz.mp4,0.98046875
ljrwzoqzem.mp4,0.994140625
ljzgurlygl.mp4,0.900390625
lkcqxdtpim.mp4,0.9921875
lkisvnpeet.mp4,0.008941650390625
lknxhkhejo.mp4,0.98681640625
lkqlofrpql.mp4,0.9921875
lkrexbonsl.mp4,0.9912109375
llawldlgej.mp4,0.99267578125
lmtprngclw.mp4,0.990234375
lmzbahfkji.mp4,0.9912109375
lnphlyflxn.mp4,0.98876953125
loceqbfjxb.mp4,0.9931640625
lodxsbqefu.mp4,0.9921875
lpougvmrue.mp4,0.990234375
lpvaxbampu.mp4,0.99072265625
lpvsbfthxm.mp4,0.990234375
lqbvhsvnni.mp4,0.9853515625
lqdojrijtz.mp4,0.986328125
lqeucjhmmb.mp4,0.99072265625
lqfywemubc.mp4,0.9892578125
lqlmshoabc.mp4,0.98193359375
lqmbphbskn.mp4,0.96875
lqouzrgsrv.mp4,0.99267578125
lqszaqyduy.mp4,0.99072265625
lrbtezmmvk.mp4,0.9892578125
lrcggjcmge.mp4,0.98974609375
lrilesqlcm.mp4,0.99072265625
lrkmgiikqf.mp4,0.984375
lrxfnffqsf.mp4,0.99267578125
lsekwptcdr.mp4,0.292236328125
lsmzzyrwtr.mp4,0.98193359375
lspyiradyt.mp4,0.9873046875
lsrrcctjxt.mp4,0.990234375
lsvtaeyvqp.mp4,0.9931640625
ltkvpexvao.mp4,0.434814453125
ltlxavhhbf.mp4,0.9931640625
ltozimnbny.mp4,0.9912109375
ltpzhzneor.mp4,0.99072265625
ltyscwokwa.mp4,0.9921875
lufpvtyklq.mp4,0.9892578125
luqupwdngq.mp4,0.00994873046875
lvdaclryee.mp4,0.55322265625
lvmthzdaiz.mp4,0.99072265625
lvrzbitwvw.mp4,0.1641845703125
lvxhdzpwex.mp4,0.9931640625
lvxprirwmn.mp4,0.2205810546875
lwkviokzub.mp4,0.9931640625
lwlspugubo.mp4,0.98974609375
lxblwmfkzj.mp4,0.71630859375
lxhhpbkpkb.mp4,0.9921875
lxynqoviyi.mp4,0.98583984375
lyidgjejam.mp4,0.98828125
lynxjxlcsl.mp4,0.98974609375
lyoglramoo.mp4,0.9892578125
lyssuagqrc.mp4,0.26611328125
lyvegkgwxp.mp4,0.99267578125
lzeyelsztu.mp4,0.98681640625
lzkqfypidy.mp4,0.974609375
lzluicndko.mp4,0.99169921875
lzphmdzbsy.mp4,0.99169921875
lzvzidxgpp.mp4,0.9931640625
lzxdvgrvzu.mp4,0.99267578125
malqhfthee.mp4,0.99365234375
mamcqrzxhh.mp4,0.1253662109375
mbbernvvou.mp4,0.99072265625
mbiipgpfww.mp4,0.9873046875
mbzlzphbuq.mp4,0.990234375
mccibfjkqx.mp4,0.99267578125
mcovnjmuiu.mp4,0.9853515625
mcphfpzhoh.mp4,0.98583984375
mcygtlfbuc.mp4,0.98876953125
mdaqgqlflw.mp4,0.98828125
mddpwkvfcv.mp4,0.9931640625
mdlyqcsdkb.mp4,0.9931640625
mdoovomndl.mp4,0.1494140625
mdvdqvaijm.mp4,0.9814453125
mebtakxqbg.mp4,0.9921875
mevjrqwfwm.mp4,0.99072265625
mezipblicc.mp4,0.9931640625
mfijnuuerm.mp4,0.9912109375
mfmqgcyrhu.mp4,0.9912109375
mfmtfifvro.mp4,0.269287109375
mfnmplfesw.mp4,0.99267578125
mfnwfnxdep.mp4,0.5
mfpzwetcyv.mp4,0.00945281982421875
mggsjmcobq.mp4,0.9921875
mhkqwlfujs.mp4,0.9794921875
mhshpurlet.mp4,0.990234375
mimlmhrluv.mp4,0.990234375
mitmcjtbca.mp4,0.0222320556640625
miuaiytuus.mp4,0.578125
miwszqhpcl.mp4,0.9892578125
mjczaopxxm.mp4,0.99169921875
mjyrjygfun.mp4,0.990234375
mkexihfsaa.mp4,0.9912109375
mkorgsgmwb.mp4,0.99169921875
mkpiffokbc.mp4,0.01397705078125
mlbkenfucz.mp4,0.98974609375
mlcdfxfbhd.mp4,0.99267578125
mlddufufkr.mp4,0.994140625
mlmdkpdvvx.mp4,0.9921875
mlpavmazzi.mp4,0.98681640625
mlyuozbqww.mp4,0.99267578125
mmaiitirig.mp4,0.9912109375
mmaqnbggam.mp4,0.990234375
mmlnibzrzq.mp4,0.99267578125
mmwyxsucqf.mp4,0.98828125
mmyhjipdxb.mp4,0.032867431640625
mneyunmmik.mp4,0.9912109375
mnizcgetfn.mp4,0.9921875
mnmgiihnce.mp4,0.99072265625
mocnjrogph.mp4,0.99072265625
mokhwrljbw.mp4,0.9931640625
moznxvssef.mp4,0.98974609375
mpeahjgsvz.mp4,0.9921875
mpkvsxgdgx.mp4,0.98876953125
mpsnhqicrx.mp4,0.99267578125
mpstyaodrs.mp4,0.020111083984375
mpsxokcmtf.mp4,0.99365234375
mqaiamdhxp.mp4,0.98681640625
mqdcxuzxqs.mp4,0.99267578125
mqeldnokuq.mp4,0.92138671875
mqgjceiikk.mp4,0.99365234375
mqkdfrqyfw.mp4,0.1546630859375
mqqdcetuai.mp4,0.9931640625
mqtswlzctb.mp4,0.99072265625
mqyjlibiqr.mp4,0.00844573974609375
mqyzxzqonj.mp4,0.14892578125
mrhjcqgyse.mp4,0.99169921875
mrkzdchbtj.mp4,0.5
mrotkdmavr.mp4,0.0243988037109375
mrweovkpks.mp4,0.9912109375
mrxycatmdj.mp4,0.9892578125
mrzqivtnmr.mp4,0.0204315185546875
msirimynch.mp4,0.9921875
msphqcwzfm.mp4,0.962890625
msvydnlmxq.mp4,0.98486328125
mtbpvsxkqe.mp4,0.99267578125
mtcxxjjzvt.mp4,0.01230621337890625
mtkwgbxdgx.mp4,0.9716796875
mugjoqxxqf.mp4,0.1011962890625
muhedpozpg.mp4,0.99267578125
mvaedbokqr.mp4,0.0205535888671875
mwoglcoypf.mp4,0.97802734375
mwtwynwudg.mp4,0.98974609375
mwwngpungf.mp4,0.9892578125
mwxqbfogwi.mp4,0.9892578125
mxbdgikmyj.mp4,0.96533203125
mxcmrvvpqm.mp4,0.5390625
mxkevgxgyz.mp4,0.98876953125
mxmqcgmxrz.mp4,0.98779296875
mxuviiuuks.mp4,0.5
mxybhnmmqp.mp4,0.294189453125
myeeorqmiw.mp4,0.98974609375
myfrokfnka.mp4,0.97802734375
myjsvitihd.mp4,0.98876953125
mynqiakzcg.mp4,0.99169921875
myytqreqft.mp4,0.9912109375
mzdakgaxlw.mp4,0.9931640625
mzfxcnpuxy.mp4,0.193115234375
mzgbikvhee.mp4,0.00811767578125
mzpfwmnjkq.mp4,0.99169921875
mzqvsxnujs.mp4,0.986328125
mzrimujteu.mp4,0.99267578125
mzvtzecszp.mp4,0.99267578125
mzzwpfazkb.mp4,0.98876953125
naadaydsqi.mp4,0.99169921875
naiyxicrfn.mp4,0.9228515625
napynbbhoz.mp4,0.9921875
nbgbjkltkk.mp4,0.99267578125
nbgjuhzmgr.mp4,0.9873046875
nbmufxynnz.mp4,0.010345458984375
nbpciitjgr.mp4,0.0187530517578125
nbpkqeskxg.mp4,0.98046875
nbsciorjom.mp4,0.5673828125
nbyjfnzqne.mp4,0.9912109375
nbzctqjoki.mp4,0.990234375
nbzwhpbwbk.mp4,0.994140625
ndkbashetm.mp4,0.98583984375
ndpfhbvauv.mp4,0.57177734375
ndzlhdhzek.mp4,0.990234375
negnavupsk.mp4,0.9853515625
nehdmrljlx.mp4,0.0125732421875
nelvcxixcd.mp4,0.9892578125
nemhdqnybj.mp4,0.986328125
nexicsuwfg.mp4,0.9931640625
nfhdjadrtn.mp4,0.99169921875
nfqahhtctq.mp4,0.08795166015625
nfzenikqql.mp4,0.994140625
nghoezpthp.mp4,0.9853515625
ngzoqkyney.mp4,0.9931640625
nhbvdshvas.mp4,0.990234375
nhxowvyapk.mp4,0.0272216796875
niksmfgbkz.mp4,0.98779296875
nippajsgbk.mp4,0.9912109375
nirjrklqzu.mp4,0.08038330078125
nirxtmboor.mp4,0.927734375
niyzdxuwav.mp4,0.2083740234375
njabmaaiog.mp4,0.98486328125
nkfnoabmcp.mp4,0.98828125
nkkavcrugm.mp4,0.990234375
nkqvjykgmm.mp4,0.9873046875
nktugsvimx.mp4,0.98828125
nljhfekcxb.mp4,0.99365234375
nlyudjboxs.mp4,0.98583984375
nmhgmueqie.mp4,0.7490234375
nmoejsbfhm.mp4,0.0237274169921875
nmqwhnlkux.mp4,0.9912109375
nmvujwport.mp4,0.9912109375
nnccthpiws.mp4,0.98876953125
nndoszzxru.mp4,0.98876953125
nnkymdgsrg.mp4,0.98876953125
nnpulqoqtr.mp4,0.9736328125
nnuarswldu.mp4,0.98974609375
notviccbkr.mp4,0.99267578125
npaumcpfsj.mp4,0.986328125
npjmiuyfmh.mp4,0.9833984375
npqfnxhfbu.mp4,0.98828125
npthgupiqh.mp4,0.99072265625
npzsekxhjd.mp4,0.8720703125
nqxkmokygc.mp4,0.2493896484375
nrahftzzny.mp4,0.99267578125
nreekohhwx.mp4,0.98681640625
nrhuaxmaei.mp4,0.99169921875
nrkhloopau.mp4,0.9853515625
nryzsamlcc.mp4,0.99169921875
nrzouuwyke.mp4,0.9892578125
nsohfcgsxk.mp4,0.99267578125
nswyxycnuc.mp4,0.9931640625
nsypyinhvp.mp4,0.99267578125
ntzksgkdxo.mp4,0.98779296875
nuilcvfbub.mp4,0.2418212890625
nuknrhaizy.mp4,0.99365234375
nulfeatedd.mp4,0.9921875
nvegneixhd.mp4,0.9921875
nvgyxlqavb.mp4,0.99267578125
nvmkjnfdss.mp4,0.98828125
nvpspxabqh.mp4,0.98974609375
nvrjfquioy.mp4,0.09259033203125
nvzmqiohes.mp4,0.98779296875
nwedfeohwd.mp4,0.9873046875
nwlzgfrgxg.mp4,0.9931640625
nwusthgoam.mp4,0.990234375
nxbhwochud.mp4,0.5869140625
nxkwviyyhu.mp4,0.9912109375
nxmwhvjrvf.mp4,0.0091400146484375
nxstqqaexq.mp4,0.99072265625
nxwgpssriy.mp4,0.9921875
nyjxveffwj.mp4,0.9873046875
nymsmmqenu.mp4,0.9892578125
nyrbawwubp.mp4,0.4677734375
nytizeqavr.mp4,0.990234375
nyzppfjfxo.mp4,0.990234375
nzaofzwzzg.mp4,0.9931640625
nzhrnqrbum.mp4,0.9677734375
nzqbzbywvr.mp4,0.98046875
nzrlgvnhvd.mp4,0.9765625
nzsbpkufpd.mp4,0.2183837890625
oabgudxxol.mp4,0.9921875
oahewwpdxq.mp4,0.0086517333984375
oalnjgsxzg.mp4,0.97998046875
oapgceqolw.mp4,0.0098724365234375
oayizefyhv.mp4,0.98974609375
obldhnnnlh.mp4,0.99169921875
obothmujgr.mp4,0.99169921875
obrfqxsnnw.mp4,0.2127685546875
ociaviunty.mp4,0.9912109375
ocnddjvlvz.mp4,0.99072265625
ocolvabpqf.mp4,0.97021484375
ocwazmnydh.mp4,0.9912109375
odayfkeaug.mp4,0.99365234375
odfonacbrv.mp4,0.99267578125
odhmuveywb.mp4,0.9921875
odkfpcfnhs.mp4,0.9052734375
odlidgmzqf.mp4,0.9912109375
odlqdnztww.mp4,0.1934814453125
odrylsffts.mp4,0.9931640625
odwmqazixr.mp4,0.9931640625
odzmxqcagj.mp4,0.98828125
oertexvscw.mp4,0.9931640625
oesupnlnll.mp4,0.98876953125
oetobrolei.mp4,0.91650390625
ofawekwuem.mp4,0.98779296875
ofbkhvteqo.mp4,0.9931640625
ofkrvdfhui.mp4,0.176025390625
ofrnkzpngq.mp4,0.955078125
ofvgnqzscp.mp4,0.99072265625
ogeidkkcun.mp4,0.9892578125
ogfnbktupy.mp4,0.9921875
oghmjzhamx.mp4,0.9892578125
ogkskitjde.mp4,0.99267578125
ogpngwmrkz.mp4,0.98828125
ogyampufzj.mp4,0.01311492919921875
ohjbwqchda.mp4,0.990234375
oibrdhopxr.mp4,0.0163726806640625
oidbaqvvcs.mp4,0.9912109375
oigqeiiuqb.mp4,0.9892578125
oilhrggdyj.mp4,0.986328125
oiompmerks.mp4,0.006671905517578125
oiucehczou.mp4,0.5546875
oiveokjspk.mp4,0.9912109375
oizmfyqqkj.mp4,0.98828125
ojtxlznvfl.mp4,0.9892578125
olovespbfy.mp4,0.9912109375
olruhyohvl.mp4,0.00954437255859375
olsgmqlgdk.mp4,0.4326171875
olvhqcpnvq.mp4,0.99169921875
omwrpgmsad.mp4,0.1943359375
onbfpiklki.mp4,0.99267578125
oncogvnkab.mp4,0.9912109375
oneqztownt.mp4,0.9921875
onsamvcafc.mp4,0.982421875
onslebjxyp.mp4,0.99169921875
onywiqrpou.mp4,0.99365234375
onzrmrwili.mp4,0.990234375
ooejhirbjl.mp4,0.01971435546875
oolvvchczh.mp4,0.9814453125
oornjqiead.mp4,0.2376708984375
oouhmwtkwi.mp4,0.982421875
opapgkrsmf.mp4,0.9921875
ophcnrhajv.mp4,0.9833984375
oqjmyrgnwh.mp4,0.99365234375
oqlnkziqdh.mp4,0.98681640625
orfjoxqyzp.mp4,0.92626953125
orgwifadtw.mp4,0.98779296875
osatxdopue.mp4,0.9912109375
osieekzdgq.mp4,0.98974609375
osltltqytd.mp4,0.97998046875
oszgybwgbz.mp4,0.9892578125
otjdhqgzhp.mp4,0.990234375
otkbbozsqu.mp4,0.01043701171875
ouexljqvdw.mp4,0.99072265625
ouhlfeqolk.mp4,0.99267578125
oujtvuirva.mp4,0.9814453125
ouklamzdym.mp4,0.775390625
ovddwoiwxw.mp4,0.95703125
ovhcslzxcd.mp4,0.9775390625
ovlyuhmntt.mp4,0.9921875
ovpfeogoyo.mp4,0.96630859375
ovpykhowdo.mp4,0.98828125
ovzgovomaw.mp4,0.9921875
owgmgeqjyu.mp4,0.98974609375
owmsjhkaix.mp4,0.99365234375
oxdstaafic.mp4,0.98779296875
oxfbbeohio.mp4,0.9921875
oxspyzjdrz.mp4,0.99072265625
oxytemldvt.mp4,0.0175628662109375
oyqutbraxs.mp4,0.9892578125
oyuboltpuv.mp4,0.007350921630859375
ozcqjxfjwo.mp4,0.09088134765625
ozgwbykjew.mp4,0.98974609375
ozpjsjrvxi.mp4,0.9921875
ozzluqibbw.mp4,0.010589599609375
pabbtlamdf.mp4,0.9912109375
paepvjfaax.mp4,0.990234375
pahzldvzku.mp4,0.99267578125
pakhovjpht.mp4,0.0148162841796875
pakzfoykef.mp4,0.9931640625
pauvmbrlze.mp4,0.98681640625
paxojiwtrl.mp4,0.9296875
pbcqfwdvoj.mp4,0.98876953125
pbnmyuerwl.mp4,0.9921875
pbqdffedrq.mp4,0.00864410400390625
pcgzjlvefp.mp4,0.9921875
pcjsnvqjoh.mp4,0.9931640625
pddkcbhapd.mp4,0.96875
pdkmxhnfmx.mp4,0.013763427734375
pdpmufxbuf.mp4,0.9931640625
pdpqzrrept.mp4,0.99267578125
pdryawowdi.mp4,0.007659912109375
pempjmlwye.mp4,0.984375
pewsydjklq.mp4,0.99169921875
pfbkiautzr.mp4,0.98974609375
pfjirvgiue.mp4,0.9912109375
pftbukprmr.mp4,0.98876953125
pfziqkaxsy.mp4,0.94384765625
pfzxcvpscj.mp4,0.98681640625
pgbbhqrosl.mp4,0.99365234375
pgdoulrxmv.mp4,0.95947265625
pgfxdqdsdj.mp4,0.03814697265625
pghdhuhktt.mp4,0.0101318359375
pgmtzjlzca.mp4,0.07159423828125
pgyavbqnmd.mp4,0.99267578125
pheffsftdw.mp4,0.9853515625
phhqbvmftl.mp4,0.9931640625
phmuivlsju.mp4,0.0168304443359375
phvoabhqqv.mp4,0.444580078125
phwtljajfk.mp4,0.9873046875
pibqqlkngn.mp4,0.986328125
piqdnslkof.mp4,0.9921875
pitpmrwsov.mp4,0.9921875
piwguhxzks.mp4,0.9921875
pjachukvqz.mp4,0.9931640625
pjafotgxtk.mp4,0.98876953125
pjbdhdvkts.mp4,0.99267578125
pjeejqpmym.mp4,0.98681640625
pjrsquwlci.mp4,0.9599609375
pjsbuduywx.mp4,0.99072265625
pjwbqthctn.mp4,0.99267578125
pldoaeueim.mp4,0.99169921875
plelqmhdxi.mp4,0.99267578125
pliebacntu.mp4,0.99267578125
pljdzxdgdt.mp4,0.99365234375
plrcmlnnqp.mp4,0.99169921875
pmdhfwrpvc.mp4,0.9892578125
pmjfwsvren.mp4,0.98046875
pmpiwcrjzb.mp4,0.9921875
pmufuqkcvd.mp4,0.99365234375
pnbznglcbk.mp4,0.9921875
pnefwmfkuo.mp4,0.958984375
pnpzfrvuse.mp4,0.9931640625
pnyifxtzny.mp4,0.0252227783203125
pokaexnnen.mp4,0.9921875
ponquljatl.mp4,0.99072265625
poqnjwqfbz.mp4,0.9931640625
poyfrdwelj.mp4,0.990234375
ppoteqgiso.mp4,0.99267578125
pppdeikeib.mp4,0.9912109375
pqfpzhxtld.mp4,0.35205078125
pqijsrwump.mp4,0.40673828125
pqvygeowrw.mp4,0.10107421875
prfkopjxlo.mp4,0.261962890625
prfqrpkmiz.mp4,0.9912109375
prfunrywhi.mp4,0.9921875
prhtsikveb.mp4,0.99267578125
prkdqkqaey.mp4,0.98876953125
prsuzakumu.mp4,0.9921875
prwcfvlbxt.mp4,0.9892578125
prwxnkdjvn.mp4,0.9658203125
pslnqfybnb.mp4,0.83154296875
psltqmakjh.mp4,0.0095062255859375
pudronlbzz.mp4,0.9931640625
puecbpxyqo.mp4,0.98193359375
pukadnvszm.mp4,0.0135955810546875
pumcwenhvq.mp4,0.98828125
pumddnsxwx.mp4,0.2666015625
pumffnnouu.mp4,0.98828125
pumnrqagpu.mp4,0.9853515625
puyeatljay.mp4,0.9912109375
pvixruqpez.mp4,0.99365234375
pvktyesgur.mp4,0.99267578125
pvnhodzpvf.mp4,0.9931640625
pvrfbgpgje.mp4,0.9931640625
pvrggltqrl.mp4,0.024169921875
pvrijmergz.mp4,0.99267578125
pvrqrjywet.mp4,0.99072265625
pvtsjgugdp.mp4,0.99072265625
pwomjjcxft.mp4,0.99169921875
pwvpfttgsf.mp4,0.9892578125
pxdkjopwcv.mp4,0.198974609375
pxlbxfvijw.mp4,0.98828125
pxphjgbuan.mp4,0.9931640625
pxwbdfwpis.mp4,0.99169921875
pxxopnfcws.mp4,0.9912109375
pxyobrqczs.mp4,0.98583984375
pyhwajmxej.mp4,0.9912109375
pykqvcgxnw.mp4,0.9921875
pywrgddeca.mp4,0.9833984375
pzavvsvgcx.mp4,0.98779296875
pzivjwhqov.mp4,0.9892578125
pzomelmnrp.mp4,0.9921875
pztxqnhvae.mp4,0.9921875
qabiffosed.mp4,0.958984375
qacskiibcp.mp4,0.9912109375
qbmrcveaty.mp4,0.98974609375
qbqiripjiw.mp4,0.9931640625
qcarktkmfw.mp4,0.99072265625
qcnjqaeoyy.mp4,0.9921875
qcqbzfczbs.mp4,0.78759765625
qcwxyaedgo.mp4,0.87890625
qdgxsfkqiu.mp4,0.99169921875
qdmmbyksot.mp4,0.99169921875
qdqopybovr.mp4,0.9267578125
qdtjdlzsqq.mp4,0.9892578125
qdvaogedny.mp4,0.99267578125
qdxmxypccp.mp4,0.98828125
qeazdknzss.mp4,0.2900390625
qedweideez.mp4,0.0293121337890625
qeysxtnltj.mp4,0.986328125
qfbjbbyggl.mp4,0.98583984375
qfdictbypd.mp4,0.98486328125
qfmcmnajyq.mp4,0.97412109375
qfqrbspvml.mp4,0.040740966796875
qfrjidpspj.mp4,0.96044921875
qfynhcomcc.mp4,0.81884765625
qgvoxogmsk.mp4,0.99072265625
qgwjcftfwn.mp4,0.9921875
qhbbvqwrlf.mp4,0.229248046875
qhgatctqbg.mp4,0.5
qhlodwkmyh.mp4,0.0089569091796875
qiencoqvif.mp4,0.9541015625
qiziibfhqv.mp4,0.99267578125
qjmqiyatjh.mp4,0.99072265625
qjpxpkpnju.mp4,0.9921875
qjxhhdxktb.mp4,0.9892578125
qkbowpmjpj.mp4,0.99365234375
qkfpkofngs.mp4,0.98974609375
qkmzesolsi.mp4,0.986328125
qkqgbbpphm.mp4,0.9892578125
qkqopqpxtm.mp4,0.01010894775390625
qkrpkmoigh.mp4,0.99169921875
qlaogvtstw.mp4,0.98828125
qlcbfvbjoe.mp4,0.98876953125
qlwekbyqql.mp4,0.9921875
qmpixcbcic.mp4,0.9931640625
qmqeegyqct.mp4,0.99169921875
qmqgfjgnji.mp4,0.58984375
qnbadxgzqm.mp4,0.984375
qnesvosgbr.mp4,0.9912109375
qngveotoav.mp4,0.00855255126953125
qnielttwwe.mp4,0.990234375
qnxthlwtnd.mp4,0.98828125
qodhawquub.mp4,0.20751953125
qolmlyecjj.mp4,0.99267578125
qpbssjlbgf.mp4,0.0199127197265625
qpevfrkxbn.mp4,0.98779296875
qpjdazinjc.mp4,0.98779296875
qpuuoebket.mp4,0.88916015625
qqmobtuenw.mp4,0.97607421875
qqohmvgqhg.mp4,0.99267578125
qqyhdcrsqc.mp4,0.95849609375
qrbdowyzrp.mp4,0.990234375
qrfxgrivwa.mp4,0.013214111328125
qrwlohihfc.mp4,0.99169921875
qsctrdoklk.mp4,0.994140625
qtijptvonr.mp4,0.9912109375
qtjqtzvnvi.mp4,0.99267578125
qtmxmllllw.mp4,0.9931640625
qtyndvpmdb.mp4,0.9931640625
quhxbmhosd.mp4,0.9921875
quutldbrrr.mp4,0.98974609375
quvgenpffl.mp4,0.99267578125
quycttumrg.mp4,0.99267578125
qvfdryghjx.mp4,0.98388671875
qvkxmjftzb.mp4,0.0128326416015625
qwcictvrdp.mp4,0.031341552734375
qwqsyeppwg.mp4,0.99267578125
qwwcgypoia.mp4,0.9912109375
qxqqthpujj.mp4,0.97900390625
qxusaokrer.mp4,0.98974609375
qxwqaplewk.mp4,0.986328125
qycmrgkppq.mp4,0.98779296875
qysxmvrtsc.mp4,0.98193359375
qyynaedwil.mp4,0.036895751953125
qyyvmdcwxc.mp4,0.99365234375
qzjstjlebf.mp4,0.97705078125
qznnndswcf.mp4,0.99072265625
qzrhwbvigt.mp4,0.440185546875
ragcfauznz.mp4,0.98974609375
rapdkmvnjm.mp4,0.98828125
ratrgupddt.mp4,0.98681640625
rayzefcjvj.mp4,0.9912109375
rbakeasslx.mp4,0.99365234375
rbhtlmgqqa.mp4,0.98681640625
rbsznefhpr.mp4,0.250244140625
rbukttezjq.mp4,0.990234375
rbvsiqjnqd.mp4,0.986328125
rbwxfaloaw.mp4,0.0146026611328125
rbyclpfzhl.mp4,0.99169921875
rccpsnfotz.mp4,0.99267578125
rccxjxzaaw.mp4,0.98583984375
rchmsaoeyi.mp4,0.0097198486328125
rchrcsiwkv.mp4,0.01515960693359375
rchsrzntnv.mp4,0.99072265625
rcixkdiuds.mp4,0.99169921875
rcjkpbmtmu.mp4,0.986328125
rdmfzozfgi.mp4,0.57763671875
rdzyzyccwv.mp4,0.98193359375
reclcicerz.mp4,0.98681640625
refdoaazmz.mp4,0.465087890625
rfoeydlrvv.mp4,0.97705078125
rfqqtszrdj.mp4,0.01305389404296875
rgtlvoskty.mp4,0.99267578125
rgyseheqcn.mp4,0.99267578125
rhcyvdfomq.mp4,0.982421875
rhdnckvctt.mp4,0.9814453125
rhqrsyewgg.mp4,0.990234375
rhuhjrguel.mp4,0.9912109375
rhxsvscfpu.mp4,0.99365234375
rhynzlttmu.mp4,0.9765625
riiwlkkert.mp4,0.9931640625
riskowbvrb.mp4,0.98828125
rjfikssvxj.mp4,0.99365234375
rjxtsiycme.mp4,0.01340484619140625
rkdxatjvqe.mp4,0.0124969482421875
rkpjcqewbj.mp4,0.98974609375
rlxenjzsdo.mp4,0.984375
rmantvehsv.mp4,0.9912109375
rmguqcorxp.mp4,0.99365234375
rmkdrzlgod.mp4,0.01427459716796875
rmkllkgxxd.mp4,0.326904296875
rmllhhppjh.mp4,0.9921875
rmmyceqpgn.mp4,0.416259765625
rmqajbgjsy.mp4,0.99267578125
rndfvvcxik.mp4,0.98486328125
rngzwsothz.mp4,0.9921875
rnpbbkzaux.mp4,0.98583984375
roomncorbj.mp4,0.98974609375
rpaxlrwkkc.mp4,0.98779296875
rpbeznpkke.mp4,0.008087158203125
rpchgqmxbm.mp4,0.9912109375
rpcvgsuozm.mp4,0.00897979736328125
rpdqtwfgeh.mp4,0.99267578125
rphdtleagg.mp4,0.03729248046875
rphjvqgjys.mp4,0.9921875
rplompjhkv.mp4,0.9921875
rplxdenqzv.mp4,0.99365234375
rpqglkacpf.mp4,0.9912109375
rptgltzwek.mp4,0.263427734375
rqiawtigky.mp4,0.98681640625
rqkmvkyjzr.mp4,0.9873046875
rrxulbsppi.mp4,0.323974609375
rsedztueyj.mp4,0.994140625
rsgkuvzjvt.mp4,0.99267578125
rslyfjpqup.mp4,0.89208984375
rssofmcpuf.mp4,0.57470703125
rsuwbozmxt.mp4,0.98681640625
rtrlqaicxk.mp4,0.98974609375
rttdpnnvpm.mp4,0.9892578125
rttwudubuc.mp4,0.99365234375
rtzqeldqsc.mp4,0.98486328125
ruflllykcg.mp4,0.9052734375
rvckmbubar.mp4,0.85595703125
rvfkompkqt.mp4,0.98876953125
rvhrxxkstm.mp4,0.99267578125
rvqbvfnygr.mp4,0.984375
rvqcqpmaqo.mp4,0.99365234375
rvtrekytyv.mp4,0.01476287841796875
rwkghritnd.mp4,0.9912109375
rwsdcygvef.mp4,0.98974609375
rwsplfkqwy.mp4,0.99267578125
rxbkkayajy.mp4,0.9931640625
rxckyxjana.mp4,0.98876953125
rxdajrvleg.mp4,0.0165252685546875
rxfsftinsq.mp4,0.9853515625
rxtrjrious.mp4,0.97998046875
rxufykpyzl.mp4,0.990234375
rxxibjqnuj.mp4,0.990234375
rylxfswnpl.mp4,0.98681640625
rypilvzsqx.mp4,0.98974609375
ryrcpewnxg.mp4,0.98876953125
rzafutlchx.mp4,0.98779296875
rzezevluka.mp4,0.97998046875
rzumcvcfqa.mp4,0.99267578125
saasmevrsw.mp4,0.9912109375
sabrbnceya.mp4,0.98779296875
sadaunifio.mp4,0.98828125
saegbidusa.mp4,0.9892578125
sajuhhqcmi.mp4,0.98974609375
saprxfvznw.mp4,0.0792236328125
sbanqvulyl.mp4,0.01444244384765625
sbgvomirpr.mp4,0.1160888671875
sbidmyijtf.mp4,0.0079803466796875
sbjauhupne.mp4,0.994140625
scbifafxla.mp4,0.98388671875
scorolwfhy.mp4,0.97802734375
scymdunydn.mp4,0.174560546875
sdgvcuqqee.mp4,0.98828125
sealrxdhla.mp4,0.990234375
sejuhgvhwo.mp4,0.9912109375
sekdasumtw.mp4,0.98583984375
sesguawjew.mp4,0.99365234375
sfnynmywbl.mp4,0.9892578125
sgaauagrzn.mp4,0.9921875
sgfdydkoon.mp4,0.98828125
sgjiauphuh.mp4,0.010406494140625
sgperyitce.mp4,0.990234375
sgqbgmhzeb.mp4,0.0882568359375
sgsrjchbsh.mp4,0.2056884765625
sgyytfkici.mp4,0.9921875
shbafrmaza.mp4,0.98828125
shftbthgex.mp4,0.99169921875
shjulwhnlm.mp4,0.1314697265625
shmrmyayzg.mp4,0.016448974609375
shulbptmvc.mp4,0.99072265625
sibkoyqbfo.mp4,0.99072265625
sibvnegdqq.mp4,0.99169921875
sijokvhcjl.mp4,0.96533203125
sirckcjmov.mp4,0.009246826171875
siysxtmtoz.mp4,0.9912109375
sjqkqnazyt.mp4,0.98779296875
sjziqvsvru.mp4,0.98974609375
skvnmeboyq.mp4,0.99169921875
skvplilbid.mp4,0.9931640625
skxqrexqsp.mp4,0.9912109375
slbloafxus.mp4,0.9921875
sldpkwpzsc.mp4,0.99267578125
slgylvmzba.mp4,0.9931640625
slhiikrbyx.mp4,0.98974609375
slnyhzkrea.mp4,0.206298828125
smkxbyrcma.mp4,0.9443359375
smlitsmghh.mp4,0.98681640625
smowxigmfr.mp4,0.23828125
smsxazmowk.mp4,0.99169921875
snervnvqel.mp4,0.99267578125
sngolnoxhz.mp4,0.98974609375
snkwzajnab.mp4,0.99365234375
snuxbdurdj.mp4,0.438720703125
snwwydmiyh.mp4,0.98876953125
socnoafqic.mp4,0.9853515625
sogeignvip.mp4,0.5
sopuwjzgpq.mp4,0.982421875
sosbijzxbb.mp4,0.98828125
spcmarknmw.mp4,0.98681640625
spkgpjvbfh.mp4,0.990234375
spoushvthu.mp4,0.99169921875
spqcmedyou.mp4,0.96142578125
spxxylhqyh.mp4,0.99072265625
spywfjcdga.mp4,0.990234375
sqsiohuulc.mp4,0.990234375
sqvijifncv.mp4,0.0104522705078125
sqzembikvw.mp4,0.00818634033203125
sqzyhhhgii.mp4,0.97802734375
srqmqibqed.mp4,0.9921875
sskrmxktha.mp4,0.98974609375
ssvwugigpz.mp4,0.99267578125
stmwtebvpy.mp4,0.08966064453125
stomqqpyct.mp4,0.9873046875
stqkltbfvp.mp4,0.99267578125
sucwanurae.mp4,0.99072265625
suixjnubqo.mp4,0.9931640625
sukzzxgxvh.mp4,0.99267578125
suljkkkfwc.mp4,0.99267578125
sutpvknvml.mp4,0.97314453125
suuozdgqgv.mp4,0.99072265625
suwndzsylo.mp4,0.9921875
svbdiucoph.mp4,0.9775390625
sviexytuuo.mp4,0.96875
svjwnflmfw.mp4,0.01007843017578125
svuccelljy.mp4,0.990234375
swogbtsrkk.mp4,0.98876953125
swucolsqxc.mp4,0.057098388671875
swwkljegll.mp4,0.0107574462890625
swykyghrpt.mp4,0.0125885009765625
sxannttcvw.mp4,0.0218963623046875
sxavyfcdcq.mp4,0.2059326171875
sxhcthylvd.mp4,0.9931640625
sxkcactoic.mp4,0.921875
sxxklmhcma.mp4,0.2171630859375
sxxksrnvld.mp4,0.01068115234375
sycdyrhpxh.mp4,0.9833984375
sycnsgxyxp.mp4,0.54150390625
sydmxkinkc.mp4,0.99365234375
sygqcvmttw.mp4,0.1051025390625
syosxhfgyr.mp4,0.0274810791015625
syxbjyxzoq.mp4,0.0946044921875
szjajlmyex.mp4,0.986328125
szukrqabpm.mp4,0.9921875
szypruzige.mp4,0.177978515625
taikzedkhg.mp4,0.8017578125
tamtqnnvtg.mp4,0.990234375
tannobxohn.mp4,0.9912109375
taphiyetvs.mp4,0.01751708984375
tarncgrswp.mp4,0.0182952880859375
tavvipinca.mp4,0.08197021484375
tbafqcfvje.mp4,0.98974609375
tbncewrofv.mp4,0.98046875
tbqxswvzxl.mp4,0.99072265625
tbtsmhfrvr.mp4,0.98193359375
tccyyuzjrt.mp4,0.98583984375
tciyjjvzsf.mp4,0.99072265625
tcoktfjdkf.mp4,0.98974609375
tcpvkgfoet.mp4,0.994140625
tdpxawxzll.mp4,0.984375
teeqojzbxq.mp4,0.994140625
teerjkkneb.mp4,0.0090179443359375
tegagsjkub.mp4,0.9931640625
teihmxslwz.mp4,0.9921875
tfphynshks.mp4,0.99267578125
tfstrtpqgr.mp4,0.98583984375
tfxkhcttdz.mp4,0.007843017578125
tgmsusdydi.mp4,0.984375
tgmvreobsz.mp4,0.9912109375
tgnvfnpdcp.mp4,0.98583984375
tguafotcqk.mp4,0.98974609375
thdhkgjztp.mp4,0.99267578125
thdpnshbmm.mp4,0.9931640625
thuzabuggs.mp4,0.978515625
thzpzzrfzt.mp4,0.99169921875
tiacxnwmle.mp4,0.98583984375
tiibmzthaq.mp4,0.9892578125
tiiiyglzkz.mp4,0.99267578125
tijqcwetii.mp4,0.99365234375
tinbwdmmlh.mp4,0.9912109375
tiwvgmuvnq.mp4,0.98779296875
tiyauksfos.mp4,0.9853515625
tjmaadclla.mp4,0.99169921875
tjmjjbucuc.mp4,0.9912109375
tjnlcylcoe.mp4,0.00881195068359375
tjpvhgsjxt.mp4,0.9931640625
tjsaerauij.mp4,0.986328125
tjsndnmeco.mp4,0.9892578125
tkdficpqyr.mp4,0.990234375
tkeicxruuf.mp4,0.1790771484375
tkhydmjnyq.mp4,0.2060546875
tkhzovatiu.mp4,0.9921875
tkkvtispnh.mp4,0.99267578125
tksnplchfd.mp4,0.9912109375
tkvlargohf.mp4,0.99267578125
tkzhajldax.mp4,0.0146636962890625
tlmhfrpnmz.mp4,0.98974609375
tlsmzutdvy.mp4,0.98974609375
tmdsctfqyi.mp4,0.99169921875
tmkmabjsix.mp4,0.99267578125
tmqdjzeblu.mp4,0.97509765625
tmwaynxgyc.mp4,0.9921875
tncqrbwumb.mp4,0.9921875
tndcrdrcde.mp4,0.6376953125
tndnhmfswg.mp4,0.99365234375
tnllrflsez.mp4,0.9931640625
tnoqgdnpdz.mp4,0.98779296875
tnoqjyqtbw.mp4,0.9326171875
tobdgusxij.mp4,0.9912109375
todmxhamgy.mp4,0.0345458984375
tojvnsuila.mp4,0.9921875
tokpamhwdj.mp4,0.96826171875
townqlsvhu.mp4,0.98583984375
tpezzzvsip.mp4,0.984375
tpgcdzyzic.mp4,0.9912109375
tqlzfqaxci.mp4,0.9931640625
tqvqaxdatc.mp4,0.2071533203125
trbaxqmbrj.mp4,0.98828125
trmviebthh.mp4,0.5
tsdznnygdu.mp4,0.007671356201171875
tsemmqvtch.mp4,0.00800323486328125
tssvjchlwe.mp4,0.98681640625
tsxkpsxzeo.mp4,0.98486328125
ttbazvtelg.mp4,0.99169921875
ttnpjbugkg.mp4,0.99169921875
tucfsmbiop.mp4,0.044342041015625
tuedmfsldt.mp4,0.98828125
tuhplfgyig.mp4,0.98583984375
tuonorfbpp.mp4,0.48876953125
tvcthtkrvc.mp4,0.9931640625
tvltuhtylm.mp4,0.9921875
tvmzuxpluu.mp4,0.00891876220703125
tvtrxluaca.mp4,0.984375
twxhtqqvsy.mp4,0.032257080078125
txboupeqha.mp4,0.98876953125
txcbqzervc.mp4,0.0169830322265625
txfhiwipsr.mp4,0.010101318359375
txlvflemac.mp4,0.990234375
txpybjybdh.mp4,0.9873046875
tyfkqgzvhn.mp4,0.9931640625
tyglqjlgmo.mp4,0.99267578125
tyqjqawlyu.mp4,0.98974609375
tyqziqvxhw.mp4,0.99072265625
tzewrcebfr.mp4,0.0312042236328125
tzmizwnrky.mp4,0.9228515625
tzmqfjsfxp.mp4,0.986328125
tzzowhqrfw.mp4,0.9921875
uacorxsmpx.mp4,0.97998046875
uaqsajoudl.mp4,0.10272216796875
ubbqzreokx.mp4,0.9921875
ubxljabbvc.mp4,0.9892578125
ucjdnexpkr.mp4,0.98828125
ucjzvclvrq.mp4,0.98876953125
udaltwcgch.mp4,0.99169921875
udovtbsosl.mp4,0.99267578125
uegbdtjxgz.mp4,0.00762939453125
uegcobaebi.mp4,0.9921875
uemxcwafyc.mp4,0.9931640625
uevfzpgrbk.mp4,0.98974609375
ufmuprtnyx.mp4,0.9892578125
ufolikvolv.mp4,0.9912109375
uftuqhiyzi.mp4,0.98876953125
ufwjozzcpd.mp4,0.98974609375
ufyenconbv.mp4,0.98828125
ufzxfkwaxx.mp4,0.99267578125
uggnfmqfka.mp4,0.9921875
uglfptoirh.mp4,0.98974609375
ugoiyutczh.mp4,0.9697265625
ugooshulwj.mp4,0.33935546875
ugqlenmrtl.mp4,0.01529693603515625
ugxzhlqxpf.mp4,0.99169921875
ugzzotnqbh.mp4,0.99267578125
uhebylplqw.mp4,0.99169921875
uheoswsuja.mp4,0.0135345458984375
uhfrjeyveg.mp4,0.9921875
uhhfwrqons.mp4,0.99267578125
uhhmiswpxi.mp4,0.98291015625
uhhochbcgk.mp4,0.95849609375
uhjzkwfeqk.mp4,0.98583984375
uhknwoqaxo.mp4,0.99169921875
uhssjxjqsb.mp4,0.99267578125
uhyrdsuruo.mp4,0.99267578125
uifivxqvnp.mp4,0.92724609375
uiiehkxvew.mp4,0.017303466796875
ujbdgblolk.mp4,0.99365234375
ujfyfyhfiz.mp4,0.98828125
ujinondbrv.mp4,0.9912109375
ujkjagqvae.mp4,0.9794921875
ujvxohohuq.mp4,0.08489990234375
ujysvoqnvq.mp4,0.98876953125
ukdxjfskpf.mp4,0.9921875
uktboyfsgn.mp4,0.9931640625
ukvlzkqutn.mp4,0.9931640625
ukxiewpape.mp4,0.98388671875
ukzbnlbplu.mp4,0.98876953125
ulcmsqttol.mp4,0.98583984375
ulhdpsqyub.mp4,0.9892578125
ulqtrnyipb.mp4,0.98388671875
uluozvjcmr.mp4,0.974609375
umduhcebay.mp4,0.0152435302734375
umovgarcut.mp4,0.07635498046875
umvjerzxqr.mp4,0.98974609375
undxbsbrrb.mp4,0.98828125
unkqflwzcz.mp4,0.9599609375
unpwttoyhu.mp4,0.9931640625
unusvrwwpc.mp4,0.98974609375
unzdswjtwj.mp4,0.99169921875
uoqmwwdujw.mp4,0.98388671875
upaoluyuab.mp4,0.99365234375
upawlovoyb.mp4,0.011688232421875
upgupickuj.mp4,0.91943359375
upjvuouney.mp4,0.990234375
upwuufxocl.mp4,0.012298583984375
uqadoepiic.mp4,0.007312774658203125
uqfgpbmvry.mp4,0.9892578125
uqqrxxgwgd.mp4,0.0188140869140625
urawgdmtzy.mp4,0.99267578125
uriaxvhlhu.mp4,0.990234375
urkghvdumm.mp4,0.9921875
urvmevrjut.mp4,0.09637451171875
urymjmciep.mp4,0.2156982421875
usdsqvdgfj.mp4,0.97998046875
usfevxqgfb.mp4,0.9873046875
uskysinzim.mp4,0.11474609375
utnxmqunkj.mp4,0.99072265625
utsmbwigyi.mp4,0.99169921875
utsqgwqadw.mp4,0.9912109375
uufxagcqrl.mp4,0.99267578125
uugdjzyrqj.mp4,0.99365234375
uuwkcqqhku.mp4,0.432373046875
uvcselqnls.mp4,0.99169921875
uvijfspmjb.mp4,0.9921875
uviywgksgd.mp4,0.00907135009765625
uvlmcgybkk.mp4,0.99169921875
uvlpkbwvda.mp4,0.98486328125
uvnefxyqsy.mp4,0.01751708984375
uvqpbzcqtc.mp4,0.09466552734375
uwjnsouqrr.mp4,0.97705078125
uwoycallmh.mp4,0.966796875
uwyshkvtgr.mp4,0.06939697265625
uwzuaveowu.mp4,0.01380157470703125
uxjdqivotq.mp4,0.9921875
uxucjnlnby.mp4,0.96337890625
uxxmmyruzq.mp4,0.98974609375
uyfwyhaqrl.mp4,0.99267578125
uyiedzttyr.mp4,0.9921875
uynzprsvko.mp4,0.98974609375
uypatuhzra.mp4,0.9931640625
uypopceldq.mp4,0.99072265625
uytlxiwnqz.mp4,0.9892578125
uzacaxnoda.mp4,0.8232421875
uzkpplcmxg.mp4,0.95703125
uzstcuseii.mp4,0.9921875
uzyxwskhxx.mp4,0.986328125
vahicbizml.mp4,0.0660400390625
vaiedvrqrr.mp4,0.9140625
vaikntoixi.mp4,0.98681640625
vatnapxxqy.mp4,0.99267578125
vbdzuwcfvh.mp4,0.98828125
vblkpyrktq.mp4,0.98974609375
vbolzlkcxa.mp4,0.98876953125
vbpdwvkvxs.mp4,0.01125335693359375
vbvoqmpjkk.mp4,0.98095703125
vbwgtabpcv.mp4,0.192138671875
vbymgzprqg.mp4,0.9931640625
vcblbuxbpk.mp4,0.986328125
vcfowchmxz.mp4,0.1790771484375
vcvqfkaatg.mp4,0.98779296875
vdaiwsswzr.mp4,0.98876953125
vdgaewfami.mp4,0.98974609375
vdjyomnhjf.mp4,0.0124969482421875
vdmbchexkc.mp4,0.00756072998046875
vdwzarbfro.mp4,0.99267578125
vedptrbvwf.mp4,0.9921875
veizjojmka.mp4,0.97998046875
vencojpgda.mp4,0.9853515625
vexrpgxzpx.mp4,0.99267578125
vfnrczdlux.mp4,0.98876953125
vfsnvaimdh.mp4,0.98583984375
vfuyhtbwqx.mp4,0.9833984375
vfxkgrhzpj.mp4,0.97314453125
vgajigcsqw.mp4,0.98828125
vgecwlcakv.mp4,0.9921875
vhbakkudnn.mp4,0.98828125
vhrxopyhtm.mp4,0.99365234375
vhssjeykri.mp4,0.99267578125
viqdrqflap.mp4,0.9423828125
viqlegaftr.mp4,0.9921875
vjjqrnsosy.mp4,0.98974609375
vjjsvmpxul.mp4,0.98681640625
vjltcrkyjk.mp4,0.98583984375
vjojpjftab.mp4,0.9931640625
vjrkvicvlg.mp4,0.99169921875
vkjaxfweqr.mp4,0.9912109375
vkrlcimcda.mp4,0.98779296875
vkvcvpseot.mp4,0.99169921875
vkvnatqfpn.mp4,0.6025390625
vkwtbzhxxk.mp4,0.98388671875
vlbomdvoja.mp4,0.0841064453125
vljumscvtl.mp4,0.96875
vlmkusmtnq.mp4,0.98095703125
vmiiyyefra.mp4,0.98876953125
vmxmafazny.mp4,0.9921875
vnkuonhrlo.mp4,0.99267578125
voazwmmlgi.mp4,0.9873046875
vogejocyvv.mp4,0.9921875
vomypszoet.mp4,0.9931640625
vooodvaacw.mp4,0.9921875
vpihjyjxun.mp4,0.99267578125
vplhlaegkr.mp4,0.994140625
vpncajagtf.mp4,0.99072265625
vppsyhhxes.mp4,0.97412109375
vpwklvgpvz.mp4,0.99072265625
vpzzqcsfdx.mp4,0.99267578125
vqjibmcsdp.mp4,0.99365234375
vqncfmywjb.mp4,0.99169921875
vqtjnmbjyk.mp4,0.018035888671875
vqyvotfkix.mp4,0.98681640625
vrfdwhejrq.mp4,0.98828125
vrjlwsfexm.mp4,0.99267578125
vrxntwvbvd.mp4,0.99072265625
vscwgglzcf.mp4,0.982421875
vsimocefjt.mp4,0.986328125
vslgyuzexf.mp4,0.99267578125
vsnnqycyeh.mp4,0.98779296875
vsslsumbrp.mp4,0.99267578125
vtavzbqvij.mp4,0.9716796875
vtiwviltlz.mp4,0.00994873046875
vtoorsnjeo.mp4,0.98095703125
vtugswwthj.mp4,0.990234375
vtwobfpyxv.mp4,0.990234375
vtznvjlyck.mp4,0.0093536376953125
vuabbfjvgd.mp4,0.99072265625
vueqdpnvln.mp4,0.9873046875
vuuoqsaayq.mp4,0.00836181640625
vvgvipiyeq.mp4,0.9912109375
vvjdojdzpq.mp4,0.9931640625
vvnoeunikl.mp4,0.9912109375
vwcacyqmpy.mp4,0.1922607421875
vwiidzlkdv.mp4,0.0104217529296875
vwlkjebhvw.mp4,0.9921875
vwmaaaldtm.mp4,0.0193023681640625
vwnhxugzsd.mp4,0.9814453125
vxcxblgtcl.mp4,0.9892578125
vxelxlqkjb.mp4,0.9921875
vxxlutjivk.mp4,0.00794219970703125
vyfobcpbfq.mp4,0.99267578125
vytbixywfl.mp4,0.99365234375
vzacrzgjtk.mp4,0.24169921875
vzdubwzzed.mp4,0.99365234375
vzhekhuofe.mp4,0.9921875
vzidramzjr.mp4,0.9921875
vzodkhkpdv.mp4,0.9892578125
vzrokelbyl.mp4,0.982421875
waehykhfxa.mp4,0.98779296875
wafyksehao.mp4,0.9931640625
wahixajhpv.mp4,0.9912109375
waqkzzfbll.mp4,0.1927490234375
warsqvoirc.mp4,0.97802734375
watiwlecjv.mp4,0.9853515625
watlphgtvj.mp4,0.99267578125
wbezhimwhd.mp4,0.89013671875
wbhgiqmjwp.mp4,0.038604736328125
wbjjqvilmb.mp4,0.98828125
wbmdqqtnmr.mp4,0.96044921875
wbnowcgdhl.mp4,0.98828125
wbxwesdpad.mp4,0.91552734375
wcerkoyqnm.mp4,0.450439453125
wcimuqbkek.mp4,0.9931640625
wcmcakviru.mp4,0.1961669921875
wcmqpfjebd.mp4,0.98876953125
wctqfpaquy.mp4,0.99267578125
wczeysgrys.mp4,0.9931640625
wdibrxgjni.mp4,0.98876953125
wdkptmgkvp.mp4,0.1483154296875
wdncfnhwto.mp4,0.0095672607421875
wduqmznmym.mp4,0.9873046875
wehtngqjxl.mp4,0.00862884521484375
weltyzkxfi.mp4,0.98828125
wervsihhmx.mp4,0.00974273681640625
wfbsgbgoxn.mp4,0.98828125
wfghfyvyfm.mp4,0.98876953125
wfidleglqk.mp4,0.9736328125
wfqcftvejn.mp4,0.990234375
wfrdbsdyis.mp4,0.9921875
wfrsuhbxog.mp4,0.9912109375
wftzbnqebf.mp4,0.9931640625
wfvcdhgtbi.mp4,0.953125
wfvtbscder.mp4,0.9921875
wfyslosrax.mp4,0.9921875
wgghzzunsp.mp4,0.01369476318359375
wgwknwkhcl.mp4,0.99267578125
wgwtkaniub.mp4,0.01209259033203125
wgxzdmjxyu.mp4,0.990234375
wgymxzipeu.mp4,0.99169921875
whqjwuqcek.mp4,0.99169921875
whsgglurhh.mp4,0.89501953125
whvgbpiqym.mp4,0.9921875
whxsttlmxb.mp4,0.53271484375
wirxxsutua.mp4,0.99267578125
wjjoqollas.mp4,0.99267578125
wjmrgmppdm.mp4,0.99169921875
wkbjnxyxqo.mp4,0.99365234375
wkgqovlfso.mp4,0.99365234375
wkimcgyvdg.mp4,0.9912109375
wklvpqcioc.mp4,0.262939453125
wkonowlddi.mp4,0.99365234375
wkpgwnttsn.mp4,0.060516357421875
wksbmfzmdg.mp4,0.9921875
wkwmivfzzc.mp4,0.99169921875
wlagevfvcr.mp4,0.9892578125
wlnymccicv.mp4,0.009979248046875
wlrbdhxcaw.mp4,0.9921875
wltgvpzlpf.mp4,0.01256561279296875
wmbdydnowb.mp4,0.98291015625
wmdrbqckkw.mp4,0.98974609375
wmgqeqrxlk.mp4,0.98876953125
wmkbornmzk.mp4,0.0085296630859375
wmqdrsddao.mp4,0.99072265625
wmqknuwrgq.mp4,0.990234375
wmtfqxryvi.mp4,0.98388671875
wnmgclgiis.mp4,0.99072265625
wofzfwxyvf.mp4,0.01123809814453125
wontxpoify.mp4,0.986328125
wozdhhgnxr.mp4,0.9931640625
wpoxpcievv.mp4,0.008514404296875
wpvgkzjtbi.mp4,0.9853515625
wqmukgrnds.mp4,0.994140625
wrbtvsforp.mp4,0.99072265625
wriimkdjbu.mp4,0.98486328125
wrpcuparss.mp4,0.9853515625
wrqobchgxa.mp4,0.9814453125
wrthbfvfbk.mp4,0.95068359375
wsbalvzdju.mp4,0.00928497314453125
wsrukvyqjp.mp4,0.98876953125
wswylwaylm.mp4,0.99169921875
wtgnzwybsi.mp4,0.99169921875
wtoymlcfxo.mp4,0.99267578125
wupqwhzzuz.mp4,0.99072265625
wupxckqsiv.mp4,0.9921875
wvjdbxaxdq.mp4,0.98974609375
wvjmrkhhnl.mp4,0.99267578125
wvlzalvbft.mp4,0.99365234375
wvpwszxxpx.mp4,0.00783538818359375
wvrukkxukm.mp4,0.1583251953125
wwiixjiuld.mp4,0.0097503662109375
wwinewszce.mp4,0.98828125
wwpmcbctbo.mp4,0.98974609375
wwvhxbpjuj.mp4,0.994140625
wxacbnohsk.mp4,0.98779296875
wxccemraeb.mp4,0.99169921875
wxhrtnsxkw.mp4,0.5400390625
wxoolmmuvg.mp4,0.9921875
wxrdzofyrx.mp4,0.066650390625
wyeqtqhfhg.mp4,0.0130767822265625
wykijtbhaj.mp4,0.01383209228515625
wykvjlhrrf.mp4,0.99072265625
wylcqttiam.mp4,0.99072265625
wymqtvswfl.mp4,0.5810546875
wyqseodqaj.mp4,0.0225372314453125
wytaipjjua.mp4,0.99267578125
wyvwjfvdvg.mp4,0.9912109375
wyvxptgiky.mp4,0.98974609375
wzbgpicmao.mp4,0.9873046875
wzogajzmev.mp4,0.1937255859375
wzuyckjsts.mp4,0.98681640625
wzwlqcjuoc.mp4,0.99169921875
xadbkzpnfq.mp4,0.98876953125
xaeaxgsdye.mp4,0.00991058349609375
xafwvanapa.mp4,0.98828125
xajqriyqxl.mp4,0.98583984375
xamqepuitd.mp4,0.99365234375
xawnomckho.mp4,0.9755859375
xbcvipelyp.mp4,0.99267578125
xcdxpbkgah.mp4,0.53125
xcphjhsbja.mp4,0.99267578125
xcscqlhifh.mp4,0.9892578125
xcxluqcnyf.mp4,0.99169921875
xdodtqirhx.mp4,0.06268310546875
xdrbdgskha.mp4,0.98779296875
xdvdsjsllo.mp4,0.99267578125
xdvgifjtdp.mp4,0.99365234375
xdyazwnapn.mp4,0.99267578125
xefrllrkmo.mp4,0.990234375
xeiliievla.mp4,0.99267578125
xeoeweglgk.mp4,0.98876953125
xesaatyxhq.mp4,0.98779296875
xfbtpfflvd.mp4,0.9892578125
xfsigfozqe.mp4,0.990234375
xgaotwngok.mp4,0.9921875
xgunntlaqm.mp4,0.99169921875
xhdjyqpdgk.mp4,0.99169921875
xhhptoanjf.mp4,0.990234375
xhmiwsuwln.mp4,0.0178680419921875
xhpgqwlyff.mp4,0.272705078125
xibtcvhmsf.mp4,0.99267578125
xiecdelptx.mp4,0.00902557373046875
xifkdtawnh.mp4,0.994140625
xiknwpuwed.mp4,0.99169921875
xilquenqtd.mp4,0.99267578125
xipflwsfdx.mp4,0.9921875
xiyukypioq.mp4,0.9921875
xjugytcndb.mp4,0.09765625
xldnvpbneb.mp4,0.99267578125
xlfbhfwlte.mp4,0.039581298828125
xlgwtpqtyj.mp4,0.9931640625
xlycadmnzu.mp4,0.1243896484375
xmdhsaalct.mp4,0.98779296875
xmdviljuzz.mp4,0.990234375
xmewblvhmq.mp4,0.0139923095703125
xmsvfzvzln.mp4,0.9931640625
xmxswrmfba.mp4,0.9931640625
xncsoryrnz.mp4,0.576171875
xnhkxwrxtj.mp4,0.9931640625
xnljlvxxes.mp4,0.00998687744140625
xnnpkexkmv.mp4,0.9921875
xnooobvepy.mp4,0.9931640625
xnsohfzwqy.mp4,0.9873046875
xnxuzpmktw.mp4,0.990234375
xoftlhonih.mp4,0.990234375
xouyaqivfy.mp4,0.74755859375
xpemvlvcqw.mp4,0.111083984375
xplqloyqlu.mp4,0.093017578125
xpltavotbe.mp4,0.98876953125
xprbrzabza.mp4,0.990234375
xpywazpppp.mp4,0.990234375
xqgieeldyp.mp4,0.990234375
xqhoucjinm.mp4,0.98828125
xqivbjwzdd.mp4,0.9921875
xqmlqfzqqi.mp4,0.99072265625
xqpxdxykem.mp4,0.01076507568359375
xqwurtjzbt.mp4,0.06646728515625
xrftcfiubs.mp4,0.97705078125
xrhehxyuyx.mp4,0.80078125
xrtufflsto.mp4,0.9921875
xrxphmnsui.mp4,0.990234375
xsdudxmpfl.mp4,0.990234375
xshixmrxot.mp4,0.99072265625
xslfncykid.mp4,0.99267578125
xsomqcwyil.mp4,0.98974609375
xtajlsgrvl.mp4,0.97265625
xtubeumopg.mp4,0.99072265625
xtzwerusjx.mp4,0.98876953125
xuoxhdtfkl.mp4,0.9677734375
xurghevfhl.mp4,0.9931640625
xveixsoikz.mp4,0.9921875
xwhgihnrtm.mp4,0.990234375
xwizkaonkl.mp4,0.9931640625
xwlhzlxarl.mp4,0.990234375
xwqztfpxtp.mp4,0.0100555419921875
xxqpqvfbsm.mp4,0.9931640625
xxqyqmmpmd.mp4,0.9921875
yareqjmumx.mp4,0.99072265625
ybegoygsdd.mp4,0.9931640625
ybexfrxoga.mp4,0.984375
ybsdzkzntn.mp4,0.9833984375
ychzyajfck.mp4,0.01153564453125
ycltrqcdxr.mp4,0.98876953125
ycptyqmohe.mp4,0.165771484375
ycxfxsfjdg.mp4,0.98779296875
ycxygwkogw.mp4,0.01605224609375
ydawjbtnwi.mp4,0.09649658203125
ydbecbjshl.mp4,0.2919921875
ydefdghwzn.mp4,0.2462158203125
ydjxfgqbpy.mp4,0.99267578125
ydkrpkwxxo.mp4,0.9892578125
ydvkwvsdxq.mp4,0.015289306640625
ydvljrwivu.mp4,0.01436614990234375
yelvyskdux.mp4,0.986328125
yeqhglocdp.mp4,0.9921875
yetyqnlnvc.mp4,0.0145263671875
yfbzdiserx.mp4,0.9921875
yfduedzgne.mp4,0.990234375
yffujvjwfd.mp4,0.9921875
yfiqhuyiyh.mp4,0.98828125
yflloaxkzy.mp4,0.0207366943359375
yfwelsovoj.mp4,0.9931640625
ygfaytefyd.mp4,0.328125
yggkujyblt.mp4,0.98876953125
ygkusubnvn.mp4,0.99169921875
ygofrsydaj.mp4,0.99169921875
ygopzzuswq.mp4,0.99267578125
yguhxjmphg.mp4,0.9931640625
ygvsuimehc.mp4,0.00743865966796875
yhfpgbyoix.mp4,0.9912109375
yholajhkwl.mp4,0.986328125
yhuumdcepz.mp4,0.9931640625
yicabrvkrf.mp4,0.9912109375
yiftrmejxm.mp4,0.9921875
yijebdgjal.mp4,0.99267578125
yiqphyicdn.mp4,0.9912109375
yiqtxlpcia.mp4,0.0095062255859375
yitodmowzy.mp4,0.990234375
yiuhvibyxn.mp4,0.038726806640625
yivaecncdt.mp4,0.1812744140625
yjholijqca.mp4,0.9921875
yjlixbnhpp.mp4,0.9931640625
yjwpdqlkee.mp4,0.0074920654296875
yklzjpvmid.mp4,0.9931640625
ykmuojlwfy.mp4,0.994140625
ykpgrjrxwq.mp4,0.97900390625
ykulohytyb.mp4,0.99169921875
ylazuxnobr.mp4,0.9912109375
ylczwgpaft.mp4,0.9892578125
ylmfzydomw.mp4,0.99267578125
ylrylvqgol.mp4,0.08837890625
ylsjsqapsk.mp4,0.9921875
ylwsshcmdn.mp4,0.98193359375
ymbonknkzs.mp4,0.00962066650390625
ymgggxwmbw.mp4,0.98974609375
ymijzdifid.mp4,0.03582763671875
ynaxsrtgzy.mp4,0.98486328125
ynmfzpkeqo.mp4,0.9873046875
ynoagzhbvv.mp4,0.634765625
ynsfendaeo.mp4,0.9794921875
yobvrjelvc.mp4,0.0258331298828125
yogfpwugql.mp4,0.0162506103515625
yplytzpnam.mp4,0.99267578125
ypzcmddqgg.mp4,0.98876953125
yqcoukdgxl.mp4,0.99169921875
yqdobkayqg.mp4,0.9921875
yqgzdgznfc.mp4,0.99072265625
yqlritzwvc.mp4,0.99072265625
yrsnudirsg.mp4,0.0179595947265625
ysfhasicov.mp4,0.9931640625
yslktuwjql.mp4,0.98974609375
yswvsfkbwx.mp4,0.9921875
ytchflkjeh.mp4,0.98583984375
ytczdtiybq.mp4,0.986328125
ytmksofadn.mp4,0.99072265625
ytvxxwjypc.mp4,0.99267578125
yudqjailbx.mp4,0.98974609375
yuffbhiwhi.mp4,0.98974609375
yugpoqtwwf.mp4,0.011444091796875
yuxshsiale.mp4,0.0119781494140625
yvsnmunfal.mp4,0.0139617919921875
yvwebuzrjf.mp4,0.98974609375
ywaqgxfucq.mp4,0.9912109375
ywdfaqjhcq.mp4,0.9892578125
ywdxihdvbw.mp4,0.9931640625
ywkbgqniad.mp4,0.9873046875
ywpsiygwqv.mp4,0.99072265625
yxeiqbkcob.mp4,0.98583984375
yxhzkfmgbe.mp4,0.98828125
yxmbuaycdq.mp4,0.0076904296875
yxpabnsbrs.mp4,0.99072265625
yxtnjafacl.mp4,0.96240234375
yxzjybmzvy.mp4,0.98486328125
yyjhtexlly.mp4,0.05029296875
yzpsardabs.mp4,0.9375
yzqcptzlwf.mp4,0.98828125
yzsshvkvgo.mp4,0.97119140625
zaierovirg.mp4,0.99267578125
zajmykfzxg.mp4,0.0082244873046875
zapmdhpwxj.mp4,0.0714111328125
zbnfdlhijj.mp4,0.98486328125
zbprrgnywz.mp4,0.98974609375
zcgqlwqsfx.mp4,0.982421875
zcmeubktra.mp4,0.9912109375
zcxymqfjxi.mp4,0.990234375
zdbcmhhigk.mp4,0.9931640625
zdbdhdigbs.mp4,0.93701171875
zdjhvmtxvt.mp4,0.99072265625
zdkjiipngr.mp4,0.0088348388671875
zemjtdddfg.mp4,0.99072265625
zemxfadqul.mp4,0.155517578125
zezndwpclc.mp4,0.99267578125
zfbyzerbwh.mp4,0.9921875
zgokkfuaqp.mp4,0.9892578125
zgooojrtxp.mp4,0.99365234375
zgpnmgvxoe.mp4,0.9931640625
zgqvdvalog.mp4,0.98974609375
zgsxqikrrw.mp4,0.98828125
zhdukreulo.mp4,0.99365234375
zhicnepasr.mp4,0.5
zhnbvajhru.mp4,0.9833984375
zhvczysnva.mp4,0.95947265625
zihqkgktua.mp4,0.9921875
ziuhgdyzzn.mp4,0.9892578125
zixbqrfzvg.mp4,0.5
zixcifegkz.mp4,0.98583984375
ziypevdckg.mp4,0.9873046875
zizzdncjuw.mp4,0.98974609375
zjcglwtlrz.mp4,0.99267578125
zjlmxthqud.mp4,0.990234375
zjyysmctet.mp4,0.9921875
zkjepzwavf.mp4,0.9912109375
zksnqhxwsz.mp4,0.9912109375
zkveoqsvfa.mp4,0.99267578125
zlegfqgjde.mp4,0.9912109375
zlofleoueb.mp4,0.01457977294921875
zlpngbhrrq.mp4,0.98828125
zlxkwrizrf.mp4,0.99267578125
zmhmhgqzrk.mp4,0.0182647705078125
zmkjbubbbb.mp4,0.007457733154296875
zmojpnsder.mp4,0.99169921875
zmqwivgisv.mp4,0.99365234375
znlfmwhizc.mp4,0.990234375
zobedmiszl.mp4,0.98876953125
zohjqnvqdm.mp4,0.986328125
zookhyoypn.mp4,0.99169921875
zpokbmqtrn.mp4,0.53076171875
zqdbsrssdc.mp4,0.98291015625
zqevwqlrho.mp4,0.9921875
zqhptuabhy.mp4,0.263671875
zqkzoevkrz.mp4,0.990234375
zqtfkscpci.mp4,0.99072265625
zrdvdeptrk.mp4,0.99169921875
zrhkcpsakv.mp4,0.082275390625
zserolkqpz.mp4,0.9931640625
zshjkrgvzm.mp4,0.98876953125
zsivpmsqez.mp4,0.990234375
zsrpewsuwi.mp4,0.990234375
ztacuqleqx.mp4,0.94384765625
ztfqfiplki.mp4,0.99267578125
ztgbvvxnfk.mp4,0.99169921875
zthtxdgijk.mp4,0.0089874267578125
ztizbcbjlq.mp4,0.857421875
zuqgvnhhjk.mp4,0.98779296875
zuxacskgoo.mp4,0.99169921875
zvuijcurze.mp4,0.99072265625
zvvedpknnu.mp4,0.9912109375
zvymtvmrwy.mp4,0.99169921875
zwdumfoage.mp4,0.9755859375
zwnjyuvjva.mp4,0.99267578125
zxanlfdyzj.mp4,0.9921875
zxdstqtatc.mp4,0.98779296875
zxfradgwnh.mp4,0.9931640625
zxgluforfs.mp4,0.99169921875
zxzhrmlsvt.mp4,0.990234375
zyigzxuipb.mp4,0.9921875
zyxoniwfoo.mp4,0.0136260986328125
zzmfzfphxb.mp4,0.99267578125
zzsdtyixai.mp4,0.986328125
